,country,ign,role,team_name_full,shorthand,agent_1,agent_2,agent_3,maps,k,d,a,kd,kda,acs_per_map,k_per_map,d_per_map,a_per_map
0,Taiwan,Yuicaw,Flex,Wolves Esports,WOLVES,Gekko,Brimstone,Jett,9,181,140,74,1.29,1.82,254,20.1,15.5,8.2
1,Russia,vo0kashu,Flex,Dragon Ranger Gaming,DRG,Cypher,Omen,Sova,9,180,135,52,1.33,1.71,252,20.0,15.0,5.7
2,China,Ninebody,Duelist,TYLOO,TYL,Jett,Raze,Brimstone,13,224,200,59,1.12,1.41,240,17.2,15.3,4.5
3,Taiwan,Spring,Duelist,Wolves Esports,WOLVES,Raze,Jett,Killjoy,9,155,153,45,1.01,1.3,233,17.2,17.0,5.0
4,China,Spitfires,Duelist,All Gamers,AG,Jett,Raze,,13,212,204,37,1.03,1.22,230,16.3,15.6,2.8
5,South Korea,stew,Duelist,JD Gaming,JDG,Jett,Raze,Neon,13,226,166,34,1.36,1.56,230,17.3,12.7,2.6
6,South Korea,Rb,Duelist,Titan Esports Club,TIT,Neon,Killjoy,Raze,12,211,215,63,0.98,1.27,226,17.5,17.9,5.2
7,Taiwan,TvirusLuke,Duelist,Dragon Ranger Gaming,DRG,Jett,Neon,,9,140,156,50,0.89,1.21,225,15.5,17.3,5.5
8,China,whzy,Duelist,Bilibili Gaming,BLG,Jett,Raze,Chamber,17,296,278,77,1.06,1.34,225,17.4,16.3,4.5
9,Iran,Swerl,Duelist,Nova Esports,NOVA,Raze,Jett,,10,176,182,36,0.96,1.16,222,17.6,18.2,3.6
10,China,Kai,Sentinel,Trace Esports,TRACE,Cypher,Jett,Killjoy,25,414,368,98,1.12,1.39,222,16.5,14.7,3.9
11,China,Viva,Initiator,JD Gaming,JDG,Viper,Gekko,Sova,13,206,157,76,1.31,1.79,218,15.8,12.0,5.8
12,China,Life,Duelist,FunPlus Phoenix,FPX,Jett,Raze,Yoru,28,450,449,72,1.0,1.16,217,16.0,16.0,2.5
13,China,FengF,Flex,Trace Esports,TRACE,Raze,Killjoy,,25,395,358,93,1.1,1.36,217,15.8,14.3,3.7
14,China,Z1Yan,Controller,JD Gaming,JDG,KAY/O,Omen,Viper,13,200,184,99,1.08,1.62,212,15.3,14.1,7.6
15,China,Abo,Sentinel,Titan Esports Club,TIT,Jett,Chamber,Cypher,12,208,195,52,1.06,1.33,211,17.3,16.2,4.3
16,China,AC,Controller,Titan Esports Club,TIT,Omen,Viper,Brimstone,12,199,186,117,1.06,1.69,209,16.5,15.5,9.7
17,China,GuanG,Sentinel,Nova Esports,NOVA,Killjoy,Chamber,Gekko,10,179,162,52,1.1,1.42,209,17.9,16.2,5.2
18,China,yosemite,Sentinel,Bilibili Gaming,BLG,Killjoy,Viper,Cypher,17,263,265,108,0.99,1.4,206,15.4,15.5,6.3
19,China,CHICHOO,Sentinel,EDward Gaming,EDG,Cypher,Omen,Killjoy,19,295,254,110,1.16,1.59,203,15.5,13.3,5.7
20,Taiwan,YHchen,Flex,JD Gaming,JDG,Fade,Deadlock,Omen,13,183,179,99,1.02,1.57,203,14.0,13.7,7.6
21,China,nobody,Initiator,EDward Gaming,EDG,Sova,Skye,Gekko,19,274,278,128,0.98,1.44,203,14.4,14.6,6.7
22,Singapore,nephh,Initiator,Bilibili Gaming,BLG,KAY/O,Skye,Gekko,17,259,266,170,0.97,1.61,202,15.2,15.6,10.0
23,China,Smoggy,Controller,EDward Gaming,EDG,Omen,Viper,Raze,19,279,257,122,1.08,1.56,201,14.6,13.5,6.4
24,China,Biank,Initiator,Trace Esports,TRACE,Sova,Skye,Fade,25,348,368,160,0.94,1.38,200,13.9,14.7,6.4
25,China,Eren,Flex,TYLOO,TYL,Gekko,Killjoy,Viper,11,166,170,41,0.97,1.21,199,15.0,15.4,3.7
26,China,Knight,Sentinel,Bilibili Gaming,BLG,Sage,Sova,Cypher,17,251,252,150,0.99,1.59,197,14.7,14.8,8.8
27,China,Lysoar,Sentinel,FunPlus Phoenix,FPX,Omen,Killjoy,Cypher,28,408,398,220,1.02,1.57,196,14.5,14.2,7.8
28,Australia,pl1xx,Initiator,Wolves Esports,WOLVES,KAY/O,Sage,Fade,9,130,139,79,0.93,1.5,194,14.4,15.4,8.7
29,China,Monk,Initiator,All Gamers,AG,Breach,KAY/O,Deadlock,13,173,197,133,0.87,1.55,193,13.3,15.1,10.2
30,China,B1ack,Initiator,Titan Esports Club,TIT,Breach,Skye,KAY/O,8,121,120,73,1.0,1.61,193,15.1,15.0,9.1
31,China,AAAAY,Initiator,FunPlus Phoenix,FPX,Sova,Breach,Gekko,28,417,404,192,1.03,1.5,192,14.8,14.4,6.8
32,China,hfmi0dzjc9z7,Sentinel,TYLOO,TYL,Killjoy,Sova,Cypher,13,176,192,61,0.91,1.23,190,13.5,14.7,4.6
33,China,aluba,Controller,Wolves Esports,WOLVES,Omen,Killjoy,Viper,9,137,137,48,1.0,1.35,189,15.2,15.2,5.3
34,China,cb,Initiator,Nova Esports,NOVA,Skye,Sova,Phoenix,10,151,159,74,0.94,1.41,187,15.1,15.9,7.4
35,China,Flex1n,Controller,Bilibili Gaming,BLG,Omen,Brimstone,Viper,17,241,239,185,1.0,1.78,187,14.1,14.0,10.8
36,Taiwan,BerLIN,Flex,FunPlus Phoenix,FPX,Astra,KAY/O,Omenm,28,375,421,236,0.89,1.45,186,13.3,15.0,8.4
37,China,sword9,Initiator,All Gamers,AG,Gekko,Sova,Fade,13,170,184,69,0.92,1.29,185,13.0,14.1,5.3
38,Australia,Autumn,Flex,FunPlus Phoenix,FPX,Cypher,Yoru,Viper,13,185,197,58,0.93,1.23,185,14.2,15.1,4.4
39,China,Ezeir,Controller,Nova Esports,NOVA,Omen,Viper,Astra,10,147,158,81,0.93,1.44,184,14.7,15.8,8.1
40,China,LuoK1ng,Controller,Trace Esports,TRACE,Omen,Viper,Brimstone,25,335,355,202,0.94,1.51,183,13.4,14.2,8.0
41,Indonesia,deLb,Sentinel,All Gamers,AG,Cypher,Killjoy,,13,181,177,48,1.02,1.29,183,13.9,13.6,3.6
42,China,Shion7,Flex,Dragon Ranger Gaming,DRG,Sova,Killjoy,,9,119,148,38,0.8,1.06,181,13.2,16.4,4.2
43,China,Bunt,Controller,All Gamers,AG,Omen,Viper,,13,171,180,90,0.95,1.45,181,13.1,13.8,6.9
44,China,COLDFISH,Controller,TYLOO,TYL,Omen,Viper,Sova,13,168,188,80,0.89,1.31,175,12.9,14.4,6.1
45,Hong Kong,jkuro,Sentinel,JD Gaming,JDG,Cypher,Killjoy,,13,166,192,61,0.86,1.18,175,12.7,14.7,4.6
46,Taiwan,S1Mon,Initiator,EDward Gaming,EDG,Breach,KAY/O,Fade,16,210,211,135,0.99,1.63,173,13.1,13.1,8.4
47,Taiwan,Nicc,Initiator,Dragon Ranger Gaming,DRG,KAY/O,Fade,Breach,9,114,136,94,0.83,1.52,172,12.6,15.1,10.4
48,Hong Kong,HeiB,Initiator,Trace Esports,TRACE,Breach,Viper,KAY/O,25,299,356,222,0.83,1.46,166,11.9,14.2,8.8
49,China,Scales,Initiator,TYLOO,TYL,KAY/O,Breach,Skye,13,150,199,138,0.75,1.44,163,11.5,15.3,10.6
50,China,LockM,Initiator,Titan Esports Club,TIT,Sova,Fade,Viper,12,150,181,86,0.82,1.3,162,12.5,15.0,7.1
51,Hong Kong,SiuFatBB,Initiator,Wolves Esports,WOLVES,Breach,Viper,Gekko,9,114,116,68,0.98,1.56,160,12.6,12.8,7.5
52,China,o0o0o,Initiator,Nova Esports,NOVA,KAY/O,Breach,Viper,10,124,169,105,0.73,1.35,158,12.4,16.9,10.5
53,China,TZH,Controller,Dragon Ranger Gaming,DRG,Omen,Viper,,9,105,135,91,0.77,1.45,155,11.6,15.0,10.1
54,United States,zekken,Duelist,Sentinels,SEN,Raze,Jett,,10,195,169,55,1.15,1.47,273,19.5,16.9,5.5
55,Brazil,aspas,Duelist,LeviatÃ¡n,LEV,Jett,Neon,Raze,23,451,297,95,1.51,1.83,269,19.6,12.9,4.1
56,Cambodia,jawgemo,Duelist,Evil Geniuses,EG,Neon,Raze,Iso,12,196,195,63,1.0,1.32,243,16.3,16.2,5.2
57,Brazil,mwzera,Duelist,FURIA Esports,FUR,Jett,Neon,Raze,11,197,198,56,0.99,1.27,236,17.9,18.0,5.0
58,Chile,keznit,Duelist,KRÃœ Esports,KRU,Jett,Raze,Neon,23,390,370,105,1.05,1.33,232,16.9,16.0,4.5
59,United States,OXY,Duelist,Cloud9,C9,Jett,Raze,Reyna,13,226,228,45,0.99,1.18,232,17.3,17.5,3.4
60,Chile,Mazino,Controller,LeviatÃ¡n,LEV,Breach,Harbor,Brimstone,23,395,322,217,1.22,1.9,228,17.1,14.0,9.4
61,United States,s0m,Controller,NRG,NRG,Omen,Brimstone,Viper,10,166,147,97,1.12,1.78,224,16.6,14.7,9.7
62,United States,Cryocells,Controller,100 Thieves,100T,Jett,Omen,Brimstone,19,336,298,83,1.12,1.4,223,17.6,15.6,4.3
63,United States,Ethan,Initiator,NRG,NRG,KAY/O,Breach,Yoru,10,164,152,92,1.07,1.68,222,16.4,15.2,9.2
64,Brazil,Palla,Duelist,MIBR,MIBR,Raze,Jett,,9,134,157,27,0.85,1.02,221,14.8,17.4,3.0
65,Brazil,cauanzin,Initiator,LOUD,LOUD,Fade,Skye,Sova,14,229,219,79,1.04,1.4,220,16.3,15.6,5.6
66,United States,leaf,Flex,G2 Esports,G2,Killjoy,Viper,,18,295,279,102,1.05,1.42,219,16.3,15.5,5.6
67,United States,Victor,Duelist,NRG,NRG,Neon,Jett,Raze,10,161,165,37,0.97,1.2,214,16.1,16.5,3.7
68,United States,supamen,Controller,Evil Geniuses,EG,Omen,Clove,,12,192,177,65,1.08,1.45,214,16.0,14.7,5.4
69,Brazil,artzin,Sentinel,MIBR,MIBR,Cypher,Viper,Killjoy,11,171,163,56,1.04,1.39,212,15.5,14.8,5.0
70,Chile,kiNgg,Controller,LeviatÃ¡n,LEV,Omen,Viper,,23,362,276,190,1.31,2.0,209,15.7,12.0,8.2
71,Brazil,Khalil,Controller,FURIA Esports,FUR,Omen,Viper,Brimstone,11,186,160,74,1.16,1.62,206,16.9,14.5,6.7
72,Canada,JonahP,Initiator,G2 Esports,G2,Viper,Skye,Breach,18,285,266,153,1.07,1.64,205,15.8,14.7,8.5
73,United States,Asuna,Initiator,100 Thieves,100T,Raze,KAY/O,Gekko,19,286,297,176,0.96,1.55,205,15.0,15.6,9.2
74,United States,tex,Sentinel,LeviatÃ¡n,LEV,Cypher,Killjoy,Gekko,23,359,307,101,1.16,1.49,204,15.6,13.3,4.3
75,Canada,TenZ,Flex,Sentinels,SEN,Omen,Gekko,,10,155,144,80,1.07,1.63,204,15.5,14.4,8.0
76,United States,valyn,Controller,G2 Esports,G2,Omen,Brimstone,Harbor,18,273,270,150,1.01,1.56,202,15.1,15.0,8.3
77,United States,bang,Controller,100 Thieves,100T,Viper,Omen,,19,289,278,147,1.03,1.56,202,15.2,14.6,7.7
78,Chile,Shyy,Sentinel,KRÃœ Esports,KRU,Killjoy,Cypher,Viper,23,362,342,113,1.05,1.38,202,15.7,14.8,4.9
79,Canada,eeiu,Initiator,100 Thieves,100T,Sova,Fade,,19,292,250,143,1.16,1.74,200,15.3,13.1,7.5
80,United States,Derrek,Initiator,Evil Geniuses,EG,Fade,Sova,Gekko,12,179,166,82,1.07,1.57,199,14.9,13.8,6.8
81,Argentina,nzr,Initiator,FURIA Esports,FUR,Sova,Breach,Skye,11,167,164,75,1.01,1.47,198,15.1,14.9,6.8
82,Brazil,havoc,Sentinel,FURIA Esports,FUR,Killjoy,Cypher,Viper,11,168,175,45,0.96,1.21,198,15.2,15.9,4.0
83,United States,icy,Duelist,G2 Esports,G2,Raze,Jett,Gekko,18,272,280,79,0.97,1.25,194,15.1,15.5,4.3
84,Argentina,Saadhak,Initiator,LOUD,LOUD,Neon,KAY/O,Gekko,14,183,229,110,0.79,1.27,192,13.0,16.3,7.8
85,Brazil,rich,Initiator,MIBR,MIBR,Sova,Skye,Gekko,9,124,137,45,0.9,1.23,192,13.7,15.2,5.0
86,Brazil,pANcada,Controller,LOUD,LOUD,Omen,Viper,Brimstone,14,207,195,102,1.06,1.58,192,14.7,13.9,7.2
87,Brazil,Less,Sentinel,LOUD,LOUD,Cypher,Killjoy,Omen,14,211,205,64,1.02,1.34,191,15.0,14.6,4.5
88,United States,Boostio,Sentinel,100 Thieves,100T,Killjoy,Gekko,Cypher,19,260,309,117,0.84,1.22,187,13.6,16.2,6.1
89,United States,trent,Initiator,G2 Esports,G2,Sova,Fade,Gekko,18,250,262,152,0.95,1.53,186,13.8,14.5,8.4
90,Brazil,heat,Initiator,KRÃœ Esports,KRU,KAY/O,Skye,Breach,23,341,350,182,0.97,1.49,185,14.8,15.2,7.9
91,Chile,Melser,Controller,KRÃœ Esports,KRU,Omen,Viper,,23,323,334,174,0.96,1.48,185,14.0,14.5,7.5
92,United States,C0M,Initiator,LeviatÃ¡n,LEV,Sova,Fade,,23,298,286,171,1.04,1.63,180,12.9,12.4,7.4
93,United States,Zellsis,Flex,Sentinels,SEN,Breach,Cypher,Viper,10,140,127,79,1.1,1.72,179,14.0,12.7,7.9
94,United States,vanity,Controller,Cloud9,C9,Omen,Viper,,13,173,205,85,0.84,1.25,177,13.3,15.7,6.5
95,Brazil,tuyz,Flex,LOUD,LOUD,Gekko,Raze,Omen,14,190,210,70,0.9,1.23,175,13.5,15.0,5.0
96,United States,Xeppaa,Initiator,Cloud9,C9,Gekko,Skye,KAY/O,13,156,200,109,0.78,1.32,175,12.0,15.3,8.3
97,Morocco,johnqt,Sentinel,Sentinels,SEN,Cypher,Deadlock,Killjoy,10,134,140,44,0.95,1.27,172,13.4,14.0,4.4
98,Brazil,liazzi,Initiator,MIBR,MIBR,Killjoy,Gekko,Breach,11,138,158,57,0.87,1.23,172,12.5,14.3,5.1
99,United States,crashies,Initiator,NRG,NRG,Sova,Fade,Skye,10,126,137,70,0.91,1.43,171,12.6,13.7,7.0
100,Brazil,Sacy,Initiator,Sentinels,SEN,Fade,Sova,Skye,10,127,136,74,0.93,1.47,170,12.7,13.6,7.4
101,Brazil,mazin,Controller,MIBR,MIBR,Omen,Viper,Brimstone,11,130,152,67,0.85,1.29,168,11.8,13.8,6.0
102,Canada,moose,Sentinel,Cloud9,C9,Killjoy,Cypher,,13,166,181,32,0.91,1.09,165,12.7,13.9,2.4
103,United States,NaturE,Initiator,Evil Geniuses,EG,Breach,Skye,Killjoy,12,137,175,86,0.78,1.27,163,11.4,14.5,7.1
104,Chile,mta,Flex,KRÃœ Esports,KRU,Sova,Cypher,Viper,21,255,327,100,0.77,1.08,162,12.1,15.5,4.7
105,United States,runi,Initiator,Cloud9,C9,Sova,Breach,Viper,13,151,194,83,0.77,1.2,162,11.6,14.9,6.3
106,Canada,FNS,Sentinel,NRG,NRG,Cypher,Deadlock,Viper,10,116,163,60,0.71,1.07,158,11.6,16.3,6.0
107,Canada,Apoth,Controller,Evil Geniuses,EG,Cypher,Brimstone,Harbor,12,121,179,63,0.67,1.02,150,10.0,14.9,5.2
108,Brazil,xand,Initiator,FURIA Esports,FUR,Sage,KAY/O,Gekko,11,119,183,83,0.65,1.1,139,10.8,16.6,7.5
109,Poland,kamo,Duelist,KOI,KOI,Raze,Jett,Neon,12,217,199,62,1.09,1.4,249,18.0,16.5,5.1
110,Finland,Derke,Duelist,Fnatic,FNC,Raze,Yoru,Iso,21,382,305,88,1.25,1.54,242,18.1,14.5,4.1
111,Turkey,QutionerX,Duelist,BBL Esports,BBL,Raze,Jett,Neon,10,170,158,42,1.07,1.34,240,17.0,15.8,4.2
112,Sweden,Sayf,Duelist,Team Vitality,VIT,Jett,Neon,Raze,27,490,398,107,1.23,1.5,239,18.1,14.7,3.9
113,United States,N4RRATE,Initiator,Karmine Corp,KC,Fade,Jett,Skye,12,201,178,79,1.12,1.57,239,16.7,14.8,6.5
114,Turkey,cNed,Duelist,FUT Esports,FUT,Raze,Jett,,15,243,228,48,1.06,1.27,229,16.2,15.2,3.2
115,France,nataNk,Flex,Gentle Mates,GM,Raze,Sova,Sage,13,212,193,72,1.09,1.47,229,16.3,14.8,5.5
116,Russia,trexx,Initiator,Team Vitality,VIT,Sova,Fade,,27,435,376,241,1.15,1.79,226,16.1,13.9,8.9
117,Turkey,Alfajer,Flex,Fnatic,FNC,Killjoy,Iso,Breach,21,354,278,96,1.27,1.61,221,16.8,13.2,4.5
118,Turkey,Wo0t,Initiator,Team Heretics,TH,KAY/O,Fade,,22,358,324,171,1.1,1.63,220,16.2,14.7,7.7
119,Russia,nAts,Sentinel,Team Liquid,TL,Viper,Cypher,Killjoy,8,129,124,53,1.04,1.46,218,16.1,15.5,6.6
120,Russia,Chronicle,Initiator,Fnatic,FNC,Sova,Viper,Skye,21,331,256,163,1.29,1.92,216,15.7,12.1,7.7
121,Russia,purp0,Duelist,GIANTX,GIA,Jett,Neon,Raze,12,198,189,42,1.04,1.26,215,16.5,15.7,3.5
122,Poland,GRUBINHO,Controller,KOI,KOI,Omen,Viper,Brimstone,12,203,157,97,1.29,1.91,213,16.9,13.0,8.0
123,Lithuania,MiniBoo,Duelist,Team Heretics,TH,Neon,Raze,KAY/O,22,338,366,125,0.92,1.26,209,15.3,16.6,5.6
124,France,K4DAVRA,Controller,Gentle Mates,GM,Omen,Viper,Cypher,13,204,182,76,1.12,1.53,207,15.6,14.0,5.8
125,Russia,Sheydos,Sentinel,KOI,KOI,Cypher,Viper,Killjoy,12,202,151,50,1.33,1.66,207,16.8,12.5,4.1
126,Turkey,RieNs,Initiator,Team Heretics,TH,Sova,Breach,Gekko,22,344,301,177,1.14,1.73,204,15.6,13.6,8.0
127,Czechia,marteen,Duelist,Karmine Corp,KC,Yoru,Raze,Gekko,12,182,177,49,1.02,1.3,204,15.1,14.7,4.0
128,Turkey ATA,KAPTAN,Controller,FUT Esports,FUT,Omen,Viper,,15,225,217,102,1.03,1.5,203,15.0,14.4,6.8
129,Sweden,Zyppan,Flex,Natus Vincere,NAVI,KAY/O,Raze,,14,199,227,93,0.87,1.28,202,14.2,16.2,6.6
130,Turkey,yetujey,Sentinel,FUT Esports,FUT,Cypher,Killjoy,,15,219,196,81,1.11,1.53,200,14.6,13.0,5.4
131,Turkey,Brave,Controller,BBL Esports,BBL,Omen,Brimstone,,10,147,147,61,1.0,1.41,198,14.7,14.7,6.1
132,Turkey,Elite,Flex,BBL Esports,BBL,Cypher,Viper,,10,149,129,40,1.15,1.46,197,14.9,12.9,4.0
133,France,TakaS,Duelist,Gentle Mates,GM,Yoru,Neon,Omen,13,184,205,57,0.89,1.17,195,14.1,15.7,4.3
134,France,Enzo,Initiator,Team Liquid,TL,Sova,Fade,Sage,8,108,111,47,0.97,1.39,194,13.5,13.8,5.8
135,Netherlands,hiro,Initiator,Fnatic,FNC,Cypher,Fade,Gekko,21,313,269,147,1.16,1.71,194,14.9,12.8,7.0
136,United Kingdom,Keiko,Duelist,Team Liquid,TL,Raze,Jett,Reyna,8,123,129,20,0.95,1.1,194,15.3,16.1,2.5
137,Latvia,ardiis,Duelist,Natus Vincere,NAVI,Jett,Yoru,Breach,14,198,216,75,0.91,1.26,191,14.1,15.4,5.3
138,Non-representing,SUYGETSU,Sentinel,Natus Vincere,NAVI,Cypher,Viper,Killjoy,14,190,202,58,0.94,1.22,188,13.5,14.4,4.1
139,North Macedonia,runneR,Sentinel,Team Vitality,VIT,Cypher,Killjoy,Viper,27,370,393,144,0.94,1.3,186,13.7,14.5,5.3
140,Russia,Cloud,Initiator,GIANTX,GIA,Sova,Breach,Fade,12,162,187,88,0.86,1.33,185,13.5,15.5,7.3
141,United Kingdom,benjyfishy,Sentinel,Team Heretics,TH,Cypher,Viper,Killjoy,22,340,306,83,1.11,1.38,184,15.4,13.9,3.7
142,Turkey,MrFaliN,Initiator,FUT Esports,FUT,Breach,Omen,Sova,15,195,190,165,1.02,1.89,181,13.0,12.6,11.0
143,France,Shin,Controller,Karmine Corp,KC,Omen,Viper,Harbor,12,158,180,94,0.87,1.4,180,13.1,15.0,7.8
144,Turkey,qRaxs,Initiator,FUT Esports,FUT,Gekko,Breach,KAY/O,15,202,206,88,0.98,1.4,179,13.4,13.7,5.8
145,Non-representing,Shao,Controller,Natus Vincere,NAVI,Omen,Sova,Brimstone,14,179,218,91,0.82,1.23,178,12.7,15.5,6.5
146,Spain,Fit1nho,Flex,GIANTX,GIA,Killjoy,Breach,Omen,12,166,181,72,0.91,1.31,177,13.8,15.0,6.0
147,Estonia,Kicks,Initiator,Team Vitality,VIT,KAY/O,Gekko,Breach,27,356,398,236,0.89,1.48,177,13.1,14.7,8.7
148,Lithuania,Boo,Controller,Team Heretics,TH,Omen,Brimstone,Viper,22,291,301,207,0.96,1.65,173,13.2,13.6,9.4
149,Finland,hoody,Flex,GIANTX,GIA,Cypher,Viper,Skye,12,153,176,59,0.86,1.2,173,12.7,14.6,4.9
150,Finland,Famsii,Flex,GIANTX,GIA,Omen,Raze,,5,67,79,30,0.84,1.22,171,13.4,15.8,6.0
151,France,Wailers,Sentinel,Gentle Mates,GM,Cypher,Omen,Killjoy,13,172,174,59,0.98,1.32,168,13.2,13.3,4.5
152,Czechia,Magnum,Initiator,Karmine Corp,KC,Sova,Breach,Killjoy,12,141,174,82,0.81,1.28,168,11.7,14.5,6.8
153,Finland,Jamppi,Sentinel,Team Liquid,TL,Breach,Killjoy,Chamber,8,98,125,34,0.78,1.05,167,12.2,15.6,4.2
154,United Kingdom,Boaster,Controller,Fnatic,FNC,Omen,Astra,Viper,21,244,284,206,0.85,1.58,165,11.6,13.5,9.8
155,Lithuania,ceNder,Controller,Team Vitality,VIT,Omen,Viper,,27,340,408,214,0.83,1.35,163,12.5,15.1,7.9
156,Portugal,tomaszy,Flex,Karmine Corp,KC,Cypher,Harbor,Neon,12,143,176,49,0.81,1.09,162,11.9,14.6,4.0
157,Sweden,ShadoW,Initiator,KOI,KOI,Gekko,Sova,Breach,12,148,173,85,0.85,1.34,162,12.3,14.4,7.0
158,Poland,starxo,Initiator,KOI,KOI,KAY/O,Fade,Yoru,12,147,171,119,0.85,1.55,161,12.2,14.2,9.9
159,Turkey,pAura,Initiator,BBL Esports,BBL,Breach,KAY/O,Gekko,10,118,142,80,0.83,1.39,160,11.8,14.2,8.0
160,United Kingdom,Mistic,Controller,Team Liquid,TL,Omen,Sage,Astra,8,94,123,61,0.76,1.26,160,11.7,15.3,7.6
161,Ukraine,ANGE1,Initiator,Natus Vincere,NAVI,Sova,Omen,Fade,14,157,219,86,0.71,1.1,159,11.2,15.6,6.1
162,Turkey,reazy,Initiator,BBL Esports,BBL,Fade,Sova,Gekko,10,110,142,55,0.77,1.16,151,11.0,14.2,5.5
163,France,beyAz,Initiator,Gentle Mates,GM,KAY/O,Breach,Sova,13,132,190,117,0.69,1.31,147,10.1,14.6,9.0
164,South Korea,iZu,Sentinel,T1,T1,Raze,Killjoy,Cypher,12,236,196,51,1.2,1.46,253,19.6,16.3,4.2
165,Japan,Meiy,Duelist,DetonatioN FocusMe,DFM,Jett,Raze,Neon,12,227,203,34,1.11,1.28,252,18.9,16.9,2.8
166,South Korea,BuZz,Duelist,DRX,DRX,Jett,Raze,Neon,28,498,434,87,1.14,1.34,241,17.7,15.5,3.1
167,Finland,Polvi,Duelist,Global Esports,GE,Jett,Neon,,9,143,149,42,0.95,1.24,230,15.8,16.5,4.6
168,South Korea,t3xture,Duelist,Gen.G Esports,GEN,Jett,Raze,,22,394,329,79,1.19,1.43,229,17.9,14.9,3.5
169,Indonesia,f0rsakeN,Initiator,Paper Rex,PRX,KAY/O,Breach,Harbour,22,349,296,203,1.17,1.86,228,15.8,13.4,9.2
170,South Korea,Sayaplayer,Flex,T1,T1,Chamber,Jett,Gekko,12,228,167,32,1.36,1.55,227,19.0,13.9,2.6
171,Singapore,Jinggg,Duelist,Paper Rex,PRX,Raze,Sage,Neon,22,339,308,125,1.1,1.5,224,15.4,14.0,5.6
172,South Korea,Flashback,Sentinel,DRX,DRX,Cypher,Clove,Killjoy,28,455,418,148,1.08,1.44,220,16.2,14.9,5.2
173,Indonesia,xffero,Sentinel,Rex Regum Qeon,RRQ,Cypher,Killjoy,Omen,14,253,224,86,1.12,1.51,220,18.0,16.0,6.1
174,Japan,Dep,Duelist,ZETA DIVISION,ZETA,Raze,Jett,Neon,14,211,224,55,0.94,1.18,219,15.0,16.0,3.9
175,Philippines,Jremy,Duelist,Team Secret,TS,Raze,Neon,Jett,13,213,206,57,1.03,1.31,218,16.3,15.8,4.3
176,Russia,Jemkin,Duelist,Rex Regum Qeon,RRQ,Jett,Raze,Gekko,14,261,214,60,1.21,1.5,218,18.6,15.2,4.2
177,Malaysia,d4v41,Sentinel,Paper Rex,PRX,Killjoy,Sage,Fade,22,326,267,157,1.22,1.8,212,14.8,12.1,7.1
178,Indonesia,Monyet,Controller,Rex Regum Qeon,RRQ,Omen,Raze,Viper,14,240,245,125,0.97,1.48,211,17.1,17.5,8.9
179,Singapore,Deryeon,Duelist,Bleed Esports,BLEED,Jett,Raze,Neon,11,174,185,35,0.94,1.12,210,15.8,16.8,3.1
180,South Korea,Karon,Controller,Gen.G Esports,GEN,Omen,Viper,Brimstone,22,372,299,204,1.24,1.92,207,16.9,13.5,9.2
181,Russia,something,Duelist,Paper Rex,PRX,Jett,Gekko,Reyna,22,329,296,84,1.11,1.39,207,14.9,13.4,3.8
182,South Korea,Meteor,Sentinel,Gen.G Esports,GEN,Killjoy,Cypher,,22,358,311,92,1.15,1.44,207,16.2,14.1,4.1
183,Thailand,sScary,Controller,Bleed Esports,BLEED,Omen,Viper,Brimstone,11,170,158,104,1.07,1.73,206,15.4,14.3,9.4
184,United States,Rossy,Initiator,T1,T1,Viper,Gekko,Sova,6,98,85,34,1.15,1.55,205,16.3,14.1,5.6
185,Japan,SugarZ3ro,Controller,ZETA DIVISION,ZETA,Omen,Viper,,14,207,205,92,1.0,1.45,203,14.7,14.6,6.5
186,Philippines,invy,Initiator,Team Secret,TS,KAY/O,Breach,Viper,13,207,189,145,1.09,1.86,200,15.9,14.5,11.1
187,Thailand,JitboyS,Controller,Talon Esports,TAL,Omen,Astra,Harbor,19,283,281,130,1.0,1.46,200,14.8,14.7,6.8
188,Indonesia,Lmemore,Initiator,Rex Regum Qeon,RRQ,Sova,Gekko,Skye,14,229,228,78,1.0,1.34,199,16.3,16.2,5.5
189,Japan,Laz,Sentinel,ZETA DIVISION,ZETA,Killjoy,Sova,Cypher,14,205,196,83,1.04,1.46,199,14.6,14.0,5.9
190,Philippines,Wild0reoo,Sentinel,Team Secret,TS,Skye,Cypher,Killjoy,13,213,197,90,1.08,1.53,199,16.3,15.1,6.9
191,South Korea,stax,Initiator,T1,T1,KAY/O,Fade,Skye,12,181,169,146,1.07,1.93,197,15.0,14.0,12.1
192,Philippines,2ge,Controller,Team Secret,TS,Omen,Viper,,13,202,187,100,1.08,1.61,196,15.5,14.3,7.6
193,South Korea,Governor,Flex,Talon Esports,TAL,Neon,KAY/O,Clove,19,275,308,93,0.89,1.19,193,14.4,16.2,4.8
194,South Korea,Munchkin,Flex,Gen.G Esports,GEN,Viper,KAY/O,,22,302,298,264,1.01,1.89,193,13.7,13.5,12.0
195,South Korea,MaKo,Controller,DRX,DRX,Omen,Viper,Brimstone,28,382,410,225,0.93,1.48,190,13.6,14.6,8.0
196,Singapore,Retla,Sentinel,Bleed Esports,BLEED,Cypher,Killjoy,,11,164,171,42,0.95,1.2,188,14.9,15.5,3.8
197,Philippines,JessieVash,Sentinel,Team Secret,TS,Sova,Cypher,Killjoy,13,187,188,67,0.99,1.35,187,14.3,14.4,5.1
198,Indonesia,blaZek1ng,Sentinel,Global Esports,GE,Cypher,Killjoy,Viper,9,120,131,28,0.91,1.12,184,13.3,14.5,3.1
199,South Korea,ban,Sentinel,Talon Esports,TAL,Cypher,Iso,Killjoy,19,260,297,76,0.87,1.13,183,13.6,15.6,4.0
200,South Korea,Lakia,Initiator,Gen.G Esports,GEN,Skye,Sova,Fade,22,305,295,167,1.03,1.6,182,13.8,13.4,7.5
201,South Korea,Medusa,Sentinel,DetonatioN FocusMe,DFM,Killjoy,Cypher,,12,162,177,36,0.91,1.11,180,13.5,14.7,3.0
202,Japan,SSeeS,Controller,DetonatioN FocusMe,DFM,Omen,Viper,,12,153,178,98,0.85,1.41,177,12.7,14.8,8.1
203,United Kingdom,Russ,Initiator,Global Esports,GE,KAY/O,Fade,,9,107,143,94,0.74,1.4,177,11.8,15.8,10.4
204,Japan,hiroronn,Sentinel,ZETA DIVISION,ZETA,Killjoy,Cypher,Sova,14,172,202,67,0.85,1.18,176,12.2,14.4,4.7
205,Thailand,Surf,Flex,Talon Esports,TAL,Killjoy,Breach,Phoenix,13,170,186,56,0.91,1.21,171,13.0,14.3,4.3
206,Japan,neth,Initiator,DetonatioN FocusMe,DFM,Breach,Harbour,KAY/O,12,144,180,109,0.8,1.4,171,12.0,15.0,9.0
207,Thailand,Crws,Initiator,Talon Esports,TAL,Sova,Breach,Gekko,19,224,270,110,0.82,1.23,168,11.7,14.2,5.7
208,Indonesia,mindfreak,Controller,Paper Rex,PRX,Omen,Viper,,22,270,261,144,1.03,1.58,167,12.2,11.8,6.5
209,South Korea,Zest,Initiator,Bleed Esports,BLEED,KAY/O,Skye,Viper,11,139,163,80,0.85,1.34,167,12.6,14.8,7.2
210,South Korea,Estrella,Initiator,Rex Regum Qeon,RRQ,Breach,KAY/O,Omen,14,192,198,159,0.96,1.77,166,13.7,14.1,11.3
211,Vietnam,crazyguy,Initiator,Bleed Esports,BLEED,Sova,Fade,Deadlock,11,125,177,77,0.7,1.14,166,11.3,16.0,7.0
212,South Korea,Foxy9,Initiator,DRX,DRX,Breach,Cypher,KAY/O,28,340,416,209,0.81,1.31,165,12.1,14.8,7.4
213,South Korea,BeYN,Initiator,DRX,DRX,Sova,KAY/O,Fade,28,322,407,159,0.79,1.18,161,11.5,14.5,5.6
214,Singapore,Benkai,Initiator,Global Esports,GE,Sova,Breach,Killjoy,9,97,120,64,0.8,1.34,161,10.7,13.3,7.1
215,Indonesia,xccurate,Controller,T1,T1,Omen,Viper,Brimstone,12,148,188,108,0.78,1.36,160,12.3,15.6,9.0
216,Japan,Anthem,Initiator,DetonatioN FocusMe,DFM,Sova,Gekko,Deadlock,12,140,189,53,0.74,1.02,160,11.6,15.7,4.4
217,Japan,Yuran,Initiator,ZETA DIVISION,ZETA,Breach,KAY/O,Viper,14,142,211,148,0.67,1.37,153,10.1,15.0,10.5
218,India,Lightningfast,Flex,Global Esports,GE,Omen,Sage,,9,102,138,59,0.73,1.16,151,11.3,15.3,6.5
