country,ign,team_name_full,shorthand,sub_region,standings,role,agent_1,agent_2,agent_3,maps,k,d,a,kd,kda,acs_per_map,k_per_map,d_per_map,a_per_map,language_1,language_2,language_3
Belarus,7ssk7,NASR Esports,NASR,Levant and North Africa,3,Flash,Breach,Skye,Fade,33,459,370,321,1.24,2.1,192,13.9,11.2,9.7,Russian,Belarusian,
Poland,999kvmil,Ex0Tik Gaming,EX0,Portugal,3,Flex,Fade,Raze,Yoru,21,281,282,79,0.99,1.27,203,13.3,13.4,3.7,Polish,,
Palestine,A1mly,Underground Gaming,UG,GCC and Iraq,3,Lurker,Killjoy,Cypher,Yoru,34,476,489,108,0.97,1.19,190,14.0,14.3,3.1,Arabic,,
Algeria,ACHRF,Onyx Ravens,OXR,Levant and North Africa,4,Flash,Gekko,Sova,Skye,33,471,463,213,1.01,1.47,196,14.2,14.0,6.4,Arabic,French,
France,AKUMAAAAA,Mandatory,MDR,France,4,Smoker,Omen,KAY/O,Harbor,26,435,397,176,1.09,1.53,223,16.7,15.2,6.7,French,,
Israel,ALIVE,Acend,ACE,East EMEA,3,Entry,Jett,Raze,,36,591,550,137,1.07,1.32,214,16.4,15.2,3.8,Hebrew,,
Russia,ANXiOS,trashcan,TR,East EMEA,4,Recon,Skye,Omen,KAY/O,34,334,517,324,0.64,1.27,147,9.8,15.2,9.5,Russian,,
Netherlands,APHUN,SweetNSour,SNS,North EMEA,2,Lurker,Omen,Cypher,,4,83,59,31,1.4,1.93,256,20.7,14.7,7.7,Dutch,,
France,APO,Solary,SLY,France,7,Recon,Sova,Fade,Skye,19,283,316,133,0.89,1.31,183,14.8,16.6,7.0,French,,
Italy,ASTER,RTZN,RTZN,Italy,7,Recon,KAY/O,Breach,Fade,13,159,203,95,0.78,1.25,162,12.2,15.6,7.3,Italian,,
Portugal,Addicted,SAW,SAW,Portugal,1,Recon,Sova,Gekko,Deadlock,22,321,242,139,1.32,1.9,208,14.5,11.0,6.3,Portuguese,Mirandese,
United Arab Emirates,Akai,Team Falcons,FLC,GCC and Iraq,1,Entry,Raze,Jett,Reyna,33,692,450,112,1.53,1.78,297,20.9,13.6,3.3,Arabic,,
Portugal,Akira,PPP,PPP,Portugal,2,Recon,Sova,Omen,Fade,24,294,292,191,1.0,1.66,192,12.2,12.1,7.9,Portuguese,Mirandese,
Sweden,Ale,OnlyFins,OF,North EMEA,4,Entry,Raze,Jett,Neon,27,443,395,122,1.12,1.43,225,16.4,14.6,4.5,Swedish,,
Czechia,Ambi,Valiant,VLNT,France,2,Flash,KAY/O,Breach,Deadlock,25,366,368,216,0.99,1.58,197,14.6,14.7,8.6,French,Czech,
Portugal,AndreSG,FUZOS,FUZO,Portugal,7,Recon,Omen,Sova,Fade,13,137,223,112,0.61,1.11,142,10.5,17.1,8.6,Portuguese,Mirandese,
Turkey,Anima,HOWL Esports,HOWL,Turkey,2,Recon,Skye,KAY/O,Fade,34,476,462,349,1.03,1.78,190,14.0,13.5,10.2,Turkish,,
Russia,Anq,VX300 Gaming,VX3,Italy,5,Entry,Raze,Jett,,9,128,117,19,1.09,1.25,204,14.2,13.0,2.1,Italian,Russian,
Saudi Arabia,Antigon,Vision Esports,VIS,GCC and Iraq,8,Entry,Jett,Sova,,6,55,93,24,0.59,0.84,129,9.1,15.5,4.0,Arabic,,
Netherlands,Apyr,VX300 Gaming,VX3,Italy,5,Flex,Yoru,Raze,Jett,3,36,54,15,0.66,0.94,166,12.0,18.0,5.0,Italian,Dutch,
Spain,Aqua,Ex0Tik Gaming,EX0,Portugal,3,Flash,Breach,Sova,Omen,21,204,284,153,0.71,1.25,149,9.7,13.5,7.2,Spanish,,
Turkey,AsLanM4shadoW,S2G Esports,S2G,Turkey,7,Smoker,Omen,Jett,Brimstone,5,74,84,27,0.88,1.2,203,14.8,16.8,5.4,Turkish,,
Denmark,AvovA,Apeks,APK,North EMEA,1,Smoker,Omen,Viper,Brimstone,22,319,251,156,1.27,1.89,203,14.5,11.4,7.0,Danish,English,
Saudi Arabia,Avvix,The Ultimates,TU,GCC and Iraq,4,Recon,Sova,Killjoy,Gekko,32,490,442,201,1.1,1.56,205,15.3,13.8,6.2,Arabic,,
Slovakia,Ayyzicle,LONETEAM,LONE,Italy,6,Flash,Gekko,Breach,Killjoy,14,169,194,78,0.87,1.27,163,12.0,13.8,5.5,Italian,Slovak,
Russia,B1SK,KPI Gaming,KPI,EMEA Playins,2,Entry,Jett,Chamber,Sova,10,167,136,24,1.22,1.4,213,16.7,13.6,2.4,Russian,,
Germany,B3ASTM0D3,Ovation eSports,OVA,DACH,10,Smoker,Omen,Viper,Brimstone,21,248,299,99,0.82,1.16,166,11.8,14.2,4.7,German,,
Turkey,BALLI,HGE Esports,HE,Italy,4,Recon,Sova,KAY/O,Clove,17,301,243,106,1.23,1.67,240,17.7,14.2,6.2,Italian,Turkish,
Egypt,BLACK,Team Occupy,OPY,Levant and North Africa,6,Smoker,Omen,Reyna,Viper,31,415,466,179,0.89,1.27,180,13.3,15.0,5.7,Arabic,,
Poland,BULD,GoNext Esports,GN,East EMEA,1,Anchor,Sage,Breach,Sova,31,423,395,228,1.07,1.64,189,13.6,12.7,7.3,Polish,,
France,Babax,ZERANCE,ZER,France,3,Smoker,Omen,Brimstone,Harbor,26,313,353,207,0.88,1.47,170,12.0,13.5,7.9,French,,
Turkey,Bard0lf,NOM Esports,NOM,East EMEA,7,Smoker,Omen,Viper,,21,370,353,146,1.04,1.46,224,17.6,16.8,6.9,Turkish,,
Germany,BennY,CGN Esports,CGN,EMEA Playins,1,Entry,Phoenix,Gekko,,10,117,125,48,0.93,1.32,156,11.7,12.5,4.8,German,,
Russia,Bgg,R8 Esports,R8,Levant and North Africa,1,Smoker,Omen,Viper,Brimstone,40,533,515,250,1.03,1.52,183,13.3,12.8,6.2,Russian,,
Egypt,Block,Gamax Esports,GMX,Levant and North Africa,5,Flash,Breach,KAY/O,Fade,20,191,275,192,0.69,1.39,129,9.5,13.7,9.6,Arabic,,
Netherlands,Bouncy,LONETEAM,LONE,Italy,6,Entry,Raze,,,1,8,16,1,0.5,0.56,121,8.0,16.0,1.0,Italian,Dutch,
Syria,Br1ckzl,Vision Esports,VIS,GCC and Iraq,8,Entry,Raze,Omen,Jett,4,61,63,18,0.96,1.25,215,15.2,15.7,4.5,Arabic,,
Italy,Braso,HGE Esports,HE,Italy,4,Anchor,Killjoy,Chamber,Cypher,17,294,281,58,1.04,1.25,219,17.2,16.5,3.4,Italian,,
Italy,Brio,Axolotl,AXL,Italy,8,Flash,Gekko,,,2,15,33,6,0.45,0.63,122,7.5,16.5,3.0,Italian,,
Italy,Browse,LONETEAM,LONE,Italy,6,Anchor,Killjoy,Cypher,Sage,13,192,192,42,1.0,1.21,202,14.7,14.7,3.2,Italian,,
Finland,Brädi,Apinaorkesteri,APE,North EMEA,8,Flash,Breach,Deadlock,KAY/O,19,222,308,157,0.72,1.23,157,11.6,16.2,8.2,Finnish,Swedish,
United Kingdom,Bully,NXT,NXT,North EMEA,5,Smoker,Omen,Brimstone,Killjoy,20,262,300,182,0.87,1.48,180,13.1,15.0,9.1,English,,
Italy,Byron,HGE Esports,HE,Italy,4,Smoker,Omen,Viper,,17,249,225,151,1.1,1.77,194,14.6,13.2,8.8,Italian,,
Germany,CALVIN S,XPERION NXT,NXT,DACH,9,Smoker,Omen,Sova,Brimstone,20,276,330,124,0.83,1.21,171,13.8,16.5,6.2,German,,
Portugal,CORONEL,Impulse Gaming Warriors,IGW,Portugal,4,Smoker,Omen,Viper,Brimstone,18,254,223,138,1.13,1.75,195,14.1,12.3,7.6,Portuguese,Mirandese,
Brazil,Caim,GTZ Esports,GTZ,Portugal,5,Entry,Raze,Jett,,14,229,221,64,1.03,1.32,225,16.3,15.7,4.5,Portuguese,,
United Kingdom,Cal,GTZ Esports,GTZ,Portugal,5,Recon,Fade,Yoru,Brimstone,9,124,151,74,0.82,1.31,186,13.7,16.7,8.2,English,,
Turkey,Celasun,Pcific Esports,PCF,Turkey,1,Anchor,Cypher,Killjoy,Gekko,34,464,482,137,0.96,1.24,178,13.6,14.1,4.0,Turkish,,
Hungary,Chadi,NOM Esports,NOM,East EMEA,7,Entry,Raze,Jett,,23,416,366,66,1.13,1.31,227,18.0,15.9,2.8,Hungarian,,
United Kingdom,Chanformer,NXT,NXT,North EMEA,5,Lurker,Cypher,Viper,Astra,18,261,236,107,1.1,1.55,198,14.5,13.1,5.9,English,,
Norway,Cintyx,Axolotl,AXL,Italy,8,Anchor,Killjoy,,,2,18,27,4,0.66,0.81,144,9.0,13.5,2.0,Italian,Norwegian,
Germany,Click,SK Gaming,SK,DACH,7,Entry,Jett,Clove,Raze,20,394,344,54,1.14,1.3,243,19.7,17.2,2.7,German,,
Turkey,ComeBack,Pcific Esports,PCF,Turkey,1,Entry,Jett,Raze,Chamber,34,642,547,106,1.17,1.36,257,18.8,16.0,3.1,Turkish,,
Sweden,Creamydreamy,SweetNSour,SNS,North EMEA,2,Recon,KAY/O,Fade,Skye,29,429,428,318,1.0,1.74,188,14.7,14.7,10.9,Swedish,,
Turkey,Crewen,HOWL Esports,HOWL,Turkey,2,Anchor,Cypher,Killjoy,Viper,34,520,509,175,1.02,1.36,196,15.2,14.9,5.1,Turkish,,
Portugal,Cunha20,SAW,SAW,Portugal,1,Smoker,Omen,Viper,Brimstone,22,286,253,201,1.13,1.92,173,13.0,11.5,9.1,Portuguese,Mirandese,
Turkey,CyderX,Galatasaray Esports,GS,Turkey,4,Recon,Sova,Gekko,Fade,27,330,383,168,0.86,1.3,151,12.2,14.1,6.2,Turkish,,
France,CyvOph,Mandatory,MDR,France,4,Entry,Raze,Sage,KAY/O,15,262,224,101,1.16,1.62,240,17.4,14.9,6.7,French,,
Turkey,DESTRUCT1VEE,Galakticos,GAL,Turkey,3,Lurker,Omen,Viper,Cypher,35,512,528,214,0.96,1.37,184,14.6,15.0,6.1,Turkish,,
Czechia,Danda,trashcan,TR,East EMEA,4,Smoker,Sova,Omen,Brimstone,34,445,477,242,0.93,1.44,181,13.0,14.0,7.1,Czech,,
Saudi Arabia,Dane,Twisted Minds,TWIS,GCC and Iraq,6,Recon,KAY/O,Skye,Sova,36,559,586,257,0.95,1.39,203,15.5,16.2,7.1,Arabic,,
Spain,Daniel0,Ramboot Club,RBT,Spain,4,Anchor,Killjoy,,,2,20,35,5,0.57,0.71,133,10.0,17.5,2.5,Spanish,,
France,DarkLight,Solary,SLY,France,7,Smoker,Omen,Viper,Brimstone,19,265,309,152,0.85,1.34,176,13.9,16.2,8.0,French,,
Egypt,Darwin,top gz,TOPG,Levant and North Africa,7,Recon,Sova,Fade,Gekko,22,236,343,122,0.68,1.04,163,10.7,15.5,5.5,Arabic,,
Germany,Daveeski,Permitta Unicorns,PXU,DACH,8,Anchor,Killjoy,Breach,Cypher,20,285,337,117,0.84,1.19,194,14.2,16.8,5.8,German,,
Portugal,DaviH,CGN Esports,CGN,EMEA Playins,1,Recon,Sova,Deadlock,,10,134,115,74,1.16,1.8,189,13.4,11.5,7.4,Portuguese,Mirandese,
Italy,Davia,VX300 Gaming,VX3,Italy,5,Entry,Raze,,,1,19,16,6,1.18,1.56,267,19.0,16.0,6.0,Italian,,
Saudi Arabia,Dazlly,Vision Esports,VIS,GCC and Iraq,8,Anchor,Cypher,Killjoy,Deadlock,21,299,335,84,0.89,1.14,202,14.2,15.9,4.0,Arabic,,
Turkey,DeadInk,Fenerbahçe Esports,FB,Turkey,10,Entry,Jett,Raze,Gekko,21,285,340,69,0.83,1.04,194,13.5,16.1,3.2,Turkish,,
Sweden,Demiurge,Formulation Gaming,FMG,North EMEA,7,Entry,Raze,Neon,Jett,17,297,289,74,1.02,1.28,233,17.4,17.0,4.3,Swedish,,
Egypt,Depyro,Team RA'AD,RAAD,Levant and North Africa,2,Flash,Sage,Skye,Breach,37,554,523,328,1.05,1.68,205,14.9,14.1,8.8,Arabic,,
United Kingdom,Deqadz,Requiem,RQM,North EMEA,3,Smoker,Omen,Viper,Harbor,28,393,409,221,0.96,1.5,192,14.0,14.6,7.8,English,,
United Kingdom,Dev0,NXT,NXT,North EMEA,5,Entry,Raze,Jett,KAY/O,20,325,314,112,1.03,1.39,219,16.2,15.7,5.6,English,,
Slovakia,Dext,Ex0Tik Gaming,EX0,Portugal,3,Lurker,Killjoy,Omen,Viper,21,268,307,77,0.87,1.12,185,12.7,14.6,3.6,Slovak,,
Turkey,Docent,Galatasaray Esports,GS,Turkey,4,Smoker,Omen,Viper,Astra,27,430,427,223,1.0,1.52,204,15.9,15.8,8.2,Turkish,,
Italy,DrastZ,VX300 Gaming,VX3,Italy,5,Recon,KAY/O,Omen,Sage,13,179,179,99,1.0,1.55,202,13.7,13.7,7.6,Italian,,
Ireland,Drog,Apinaorkesteri,APE,North EMEA,8,Anchor,Cypher,Sova,Killjoy,19,277,303,62,0.91,1.11,183,14.5,15.9,3.2,English,,
Portugal,DroperZ,FUZOS,FUZO,Portugal,7,Recon,Skye,Killjoy,,2,35,38,10,0.92,1.18,188,17.5,19.0,5.0,Portuguese,Mirandese,
Spain,Ease,Onyx Ravens,OXR,Levant and North Africa,4,Flash,Sage,Breach,Skye,33,452,446,299,1.01,1.68,179,13.6,13.5,9.0,Spanish,,
United Arab Emirates,Ebeeee,Fraggerz,FRG,GCC and Iraq,5,Smoker,Omen,Viper,,28,340,415,194,0.81,1.28,164,12.1,14.8,6.9,Arabic,,
Russia,Edelweiss,FUZOS,FUZO,Portugal,7,Flash,Gekko,KAY/O,Fade,3,25,48,18,0.52,0.89,131,8.3,16.0,6.0,Russian,,
Egypt,Electus,Team Occupy,OPY,Levant and North Africa,6,Recon,Skye,Sova,,31,349,458,170,0.76,1.13,160,11.2,14.7,5.4,Arabic,,
Saudi Arabia,Elixllo,The Ultimates,TU,GCC and Iraq,4,Lurker,Viper,Cypher,Killjoy,35,482,503,162,0.95,1.28,183,13.7,14.3,4.6,Arabic,,
Bulgaria,Eso177,Onyx Ravens,OXR,Levant and North Africa,4,Anchor,Killjoy,Cypher,Chamber,33,557,439,132,1.26,1.56,225,16.8,13.3,4.0,Bulgarian,,
Saudi Arabia,ExiT,Twisted Minds,TWIS,GCC and Iraq,6,Entry,Jett,Raze,Killjoy,36,595,548,150,1.08,1.35,221,16.5,15.2,4.1,Arabic,,
Finland,Famsii,UCAM Esports Club,UCAM,Spain,2,Entry,Raze,Neon,Jett,21,377,302,109,1.24,1.6,266,17.9,14.3,5.1,Spanish,Finnish,Swedish
Ireland,Famzzam,SweetNSour,SNS,North EMEA,2,Flash,Gekko,Viper,Sova,29,393,434,225,0.9,1.42,177,13.5,14.9,7.7,English,,
Spain,Faska,ZETA (Spanish team),ZETA,Spain,7,Recon,Cypher,Skye,Sova,14,158,209,51,0.75,1.0,161,11.2,14.9,3.6,Spanish,,
Finland,Feeqn,OnlyFins,OF,North EMEA,4,Anchor,Killjoy,Cypher,Brimstone,27,368,375,116,0.98,1.29,188,13.6,13.8,4.2,Finnish,Swedish,
Germany,Felix,SK Gaming,SK,DACH,7,Recon,Gekko,Sova,Fade,20,286,297,143,0.96,1.44,195,14.3,14.8,7.1,German,,
Saudi Arabia,Fighter,The Ultimates,TU,GCC and Iraq,4,Entry,Raze,Jett,Omen,35,564,561,173,1.0,1.31,216,16.1,16.0,4.9,Arabic,,
Poland,Filu,DSYRE,DSY,Italy,1,Entry,Jett,Raze,Neon,19,383,257,67,1.49,1.75,274,20.1,13.5,3.5,Italian,Polish,
Portugal,Fizzy,MOUZ,MOUZ,DACH,1,Anchor,Cypher,Viper,Killjoy,38,649,556,176,1.16,1.48,209,17.0,14.6,4.6,Portuguese,Mirandese,
Belgium,Flickless,UCAM Esports Club,UCAM,Spain,2,Flash,Breach,Brimstone,KAY/O,21,280,237,229,1.18,2.14,193,13.3,11.2,10.9,Spanish,Dutch,French
United Kingdom,FoxieGG,DVM,DVM,France,8,Recon,Fade,Sova,Skye,19,226,281,114,0.8,1.2,172,11.8,14.7,6.0,French,English,
Saudi Arabia,Fr4nky,Twisted Minds,TWIS,GCC and Iraq,6,Recon,Sova,Harbor,Gekko,16,205,232,108,0.88,1.34,182,12.8,14.5,6.7,Arabic,,
Portugal,Fragger,SAW,SAW,Portugal,1,Recon,KAY/O,Sage,Skye,22,336,291,208,1.15,1.86,220,15.2,13.2,9.4,Portuguese,Mirandese,
Italy,FrancyBald,LONETEAM,LONE,Italy,6,Smoker,Omen,Viper,,14,140,229,87,0.61,0.99,142,10.0,16.3,6.2,Italian,,
Poland,Freyy,Zero Tenacity,Z10,East EMEA,8,Smoker,Omen,Astra,Brimstone,19,320,283,114,1.13,1.53,216,16.8,14.8,6.0,Polish,,
Germany,GENETICZZ,Permitta Unicorns,PXU,DACH,8,Anchor,Cypher,Killjoy,Clove,8,104,123,15,0.84,0.96,185,13.0,15.3,1.8,German,,
Kuwait,GLiMPSE,Unity Esports,UNT,GCC and Iraq,2,Smoker,Omen,Cypher,Brimstone,10,177,149,51,1.18,1.53,230,17.7,14.9,5.1,Arabic,,
Egypt,Getoxic,Team Occupy,OPY,Levant and North Africa,6,Flash,Breach,Brimstone,KAY/O,29,313,420,260,0.74,1.36,158,10.7,14.4,8.9,Arabic,,
Turkey,Gloomy,HOWL Esports,HOWL,Turkey,2,Flash,Gekko,Viper,Sova,34,391,487,251,0.8,1.31,160,11.5,14.3,7.3,Turkish,,
France,Goaster,Mandatory,MDR,France,4,Entry,Raze,Jett,Yoru,18,300,281,83,1.06,1.36,234,16.6,15.6,4.6,French,,
Portugal,GrTw,SAW,SAW,Portugal,1,Anchor,Killjoy,Cypher,Viper,22,367,257,113,1.42,1.86,232,16.6,11.6,5.1,Portuguese,Mirandese,
Slovenia,Grmekista,Diamant Esports,DIA,East EMEA,2,Lurker,Astra,Killjoy,Deadlock,39,537,530,260,1.01,1.5,187,13.7,13.5,6.6,Slovenian,,
Spain,Guardy,Barça eSports,BAR,Spain,1,Flash,Skye,Gekko,KAY/O,24,358,327,169,1.09,1.61,202,14.9,13.6,7.0,Spanish,,
Egypt,Gunner,top gz,TOPG,Levant and North Africa,7,Anchor,Killjoy,Cypher,,22,268,317,66,0.84,1.05,171,12.1,14.4,3.0,Arabic,,
Portugal,H4te,GTZ Esports,GTZ,Portugal,5,Smoker,Omen,Viper,,14,205,204,91,1.0,1.45,184,14.6,14.5,6.5,Portuguese,Mirandese,
Russia,HEMMORJAY,Skulls Esports,SKUL,Levant and North Africa,8,Entry,Jett,Raze,Chamber,24,229,373,69,0.61,0.79,152,9.5,15.5,2.8,Russian,,
Germany,Happen,Permitta Unicorns,PXU,DACH,8,Recon,Fade,Sova,Gekko,12,199,186,89,1.06,1.54,200,16.5,15.5,7.4,German,,
Italy,HearthBeat,SweetNSour,SNS,North EMEA,2,Smoker,Omen,Viper,Brimstone,26,360,391,235,0.92,1.52,179,13.8,15.0,9.0,Italian,,
France,Hiiro,GTZ Esports,GTZ,Portugal,5,Anchor,Cypher,,,14,220,213,69,1.03,1.35,198,15.7,15.2,4.9,French,,
Czechia,Hitch,ESC Gaming,ESC,East EMEA,10,Flash,KAY/O,Breach,Brimstone,22,288,372,265,0.77,1.48,182,13.0,16.9,12.0,Czech,,
Portugal,HolyM0Ly,Ex0Tik Gaming,EX0,Portugal,3,Anchor,Killjoy,,,2,33,33,9,1.0,1.27,219,16.5,16.5,4.5,Portuguese,Mirandese,
France,HyP,Mandatory,MDR,France,4,Recon,Gekko,Sova,Fade,26,313,339,160,0.92,1.39,161,12.0,13.0,6.1,French,,
Italy,Infamous,RTZN,RTZN,Italy,7,Smoker,Omen,,,1,6,17,5,0.35,0.64,127,6.0,17.0,5.0,Italian,,
Russia,Ivan4ezz,VX300 Gaming,VX3,Italy,5,Flash,Gekko,Skye,Sova,13,159,173,74,0.91,1.34,183,12.2,13.3,5.6,Italian,Russian,
Turkey,Izzy,SuperMassive Esports,SUP,Turkey,6,Entry,Raze,Neon,Jett,29,609,432,118,1.4,1.68,272,21.0,14.8,4.0,Turkish,,
Russia,JAMTER,top gz,TOPG,Levant and North Africa,7,Recon,Sova,Gekko,Fade,5,58,67,19,0.86,1.14,178,11.6,13.4,3.8,Russian,,
Spain,JKG,Imperium Gaming,IMP,Spain,8,Smoker,Omen,Viper,,4,57,60,25,0.95,1.36,176,14.2,15.0,6.2,Spanish,,
Turkey,JN3v1cEEE,Eternal Fire,EF,Turkey,9,Smoker,Omen,Viper,Astra,20,255,303,154,0.84,1.34,182,12.7,15.1,7.7,Turkish,,
Russia,Jady,ZERANCE,ZER,France,3,Anchor,Cypher,Viper,Killjoy,26,394,353,127,1.11,1.47,209,15.1,13.5,4.8,French,Russian,
United Kingdom,Jaf,Formulation Gaming,FMG,North EMEA,7,Smoker,Omen,Brimstone,Viper,17,220,268,111,0.82,1.23,164,12.9,15.7,6.5,English,,
Ukraine,Javelin,LONETEAM,LONE,Italy,6,Entry,Raze,Jett,Reyna,12,211,192,39,1.09,1.3,252,17.5,16.0,3.2,Italian,Ukrainian,
Finland,Jesmu,OnlyFins,OF,North EMEA,4,Recon,Gekko,Sova,Fade,27,381,398,158,0.95,1.35,194,14.1,14.7,5.8,Finnish,Swedish,
Czechia,Jesse,Valiant,VLNT,France,2,Smoker,Omen,Viper,,25,438,359,189,1.22,1.74,223,17.5,14.3,7.5,French,Czech,
Netherlands,JimBk,LONETEAM,LONE,Italy,6,Recon,Sova,Neon,,14,197,215,86,0.91,1.31,207,14.0,15.3,6.1,Italian,Dutch,
Spain,Jolpi,ZETA (Spanish team),ZETA,Spain,7,Smoker,Omen,,,4,57,59,24,0.96,1.37,202,14.2,14.7,6.0,Spanish,,
Turkey,JrayN,Fenerbahçe Esports,FB,Turkey,10,Recon,KAY/O,Sova,Deadlock,21,309,295,126,1.04,1.47,202,14.7,14.0,6.0,Turkish,,
Saudi Arabia,KHaaLiD,Team Falcons,FLC,GCC and Iraq,1,Flash,Breach,Omen,Sova,33,457,403,254,1.13,1.76,193,13.8,12.2,7.6,Arabic,,
Portugal,KILLDREAMST,PPP,PPP,Portugal,2,Smoker,Omen,Viper,Iso,24,368,310,173,1.18,1.74,227,15.3,12.9,7.2,Portuguese,Mirandese,
Denmark,KPZET,Barça eSports,BAR,Spain,1,Smoker,Viper,Omen,Clove,24,370,326,163,1.13,1.63,213,15.4,13.5,6.7,Spanish,Danish,English
Turkey,KROSTALY,Eternal Fire,EF,Turkey,9,Entry,Jett,Raze,Breach,21,315,330,94,0.95,1.23,199,15.0,15.7,4.4,Turkish,,
Lithuania,Kajuks,B8 Esports,B8,East EMEA,6,Smoker,Omen,Breach,Viper,27,425,412,212,1.03,1.54,207,15.7,15.2,7.8,Lithuanian,,
Finland,Kalkkuna,Apinaorkesteri,APE,North EMEA,8,Entry,Jett,Raze,Yoru,15,236,250,50,0.94,1.14,215,15.7,16.6,3.3,Finnish,Swedish,
Poland,Kamisseq,Ramboot Club,RBT,Spain,4,Smoker,Omen,Sova,,21,344,309,136,1.11,1.55,204,16.3,14.7,6.4,Spanish,Polish,
Algeria,Kaqnn,Skulls Esports,SKUL,Levant and North Africa,8,Lurker,Cypher,Viper,Omen,24,249,369,79,0.67,0.88,154,10.3,15.3,3.2,Arabic,French,
Germany,Karma,ALTERNATE aTTaX,ATN,DACH,5,Anchor,Killjoy,Cypher,Deadlock,16,226,212,53,1.06,1.31,191,14.1,13.2,3.3,German,,
Poland,Katu,Ramboot Club,RBT,Spain,4,Flash,Skye,Gekko,Phoenix,21,330,319,144,1.03,1.48,210,15.7,15.1,6.8,Spanish,Polish,
Portugal,Kayn,GTZ Esports,GTZ,Portugal,5,Flash,Breach,Sova,,14,176,219,120,0.8,1.35,164,12.5,15.6,8.5,Portuguese,Mirandese,
Portugal,KenzmPs,FTW LEÇA FC,FXL,Portugal,8,Recon,Sova,Gekko,Fade,14,181,225,86,0.8,1.18,171,12.9,16.0,6.1,Portuguese,Mirandese,
Algeria,Kheops,Onyx Ravens,OXR,Levant and North Africa,4,Smoker,Omen,Viper,Brimstone,33,425,485,250,0.87,1.39,174,12.8,14.6,7.5,Arabic,French,
Ukraine,Kiles,KPI Gaming,KPI,EMEA Playins,2,Recon,Fade,Breach,Viper,10,117,127,80,0.92,1.55,155,11.7,12.7,8.0,Ukrainian,,
France,Killu,Akroma,AKR,France,6,Anchor,Viper,Deadlock,Cypher,18,307,270,94,1.13,1.48,217,17.0,15.0,5.2,French,,
Saudi Arabia,King,Dragons Esports,DRGN,GCC and Iraq,7,Smoker,Viper,Sova,,19,277,298,110,0.92,1.29,207,14.5,15.6,5.7,Arabic,,
Belgium,Kinguyen,Solary,SLY,France,7,Entry,Jett,Raze,Yoru,19,337,326,82,1.03,1.28,221,17.7,17.1,4.3,French,Dutch,German
Germany,Kirby,DIVIZON,DIV,DACH,6,Anchor,Cypher,Killjoy,,2,23,31,9,0.74,1.03,139,11.5,15.5,4.5,German,,
Austria,Kongi,XPERION NXT,NXT,DACH,9,Lurker,Viper,Killjoy,Cypher,20,298,321,116,0.92,1.28,189,14.9,16.0,5.8,German,,
Spain,Kotaro,Imperium Gaming,IMP,Spain,8,Anchor,Killjoy,Viper,Cypher,14,165,225,46,0.73,0.93,164,11.7,16.0,3.2,Spanish,,
Poland,Kozok,B8 Esports,B8,East EMEA,6,Lurker,Cypher,Omen,Viper,20,306,284,124,1.07,1.51,204,15.3,14.2,6.2,Polish,,
Poland,Krizz,Zero Tenacity,Z10,East EMEA,8,Entry,Jett,Raze,Cypher,22,297,351,79,0.84,1.07,175,13.5,15.9,3.5,Polish,,
Qatar,Kugio,The Ultimates,TU,GCC and Iraq,4,Recon,KAY/O,Fade,Raze,32,486,468,246,1.03,1.56,203,15.1,14.6,7.6,Arabic,,
Saudi Arabia,Kuro,Unity Esports,UNT,GCC and Iraq,2,Anchor,Cypher,Killjoy,Viper,38,550,601,183,0.91,1.21,197,14.4,15.8,4.8,Arabic,,
France,KyLoU,GTZ Esports,GTZ,Portugal,5,Recon,Sova,Brimstone,,5,80,82,34,0.97,1.39,215,16.0,16.4,6.8,French,,
Saudi Arabia,LIQUID,The Ultimates,TU,GCC and Iraq,4,Flash,Breach,Skye,Gekko,8,99,113,58,0.87,1.38,161,12.3,14.1,7.2,Arabic,,
Turkey,Lar0k,Pcific Esports,PCF,Turkey,1,Flash,Gekko,KAY/O,Breach,34,517,450,276,1.14,1.76,204,15.2,13.2,8.1,Turkish,,
United Kingdom,Leare,Impulse Gaming Warriors,IGW,Portugal,4,Entry,Jett,Gekko,Raze,18,359,250,52,1.43,1.64,274,19.9,13.8,2.8,English,,
Portugal,Lekyy,FUZOS,FUZO,Portugal,7,Lurker,Viper,Cypher,Omen,13,155,223,64,0.69,0.98,149,11.9,17.1,4.9,Portuguese,Mirandese,
Germany,Leosen,Eintracht Frankfurt,SGE,DACH,3,Entry,Raze,Jett,Neon,29,514,490,99,1.04,1.25,217,17.7,16.8,3.4,German,,
United Kingdom,Lime,SweetNSour,SNS,North EMEA,2,Anchor,Cypher,Viper,,3,59,48,10,1.22,1.43,234,19.6,16.0,3.3,English,,
Italy,Limp,Axolotl,AXL,Italy,8,Lurker,Omen,Raze,Killjoy,9,127,143,44,0.88,1.19,189,14.1,15.8,4.8,Italian,,
Germany,Linus,DIVIZON,DIV,DACH,6,Lurker,Omen,Cypher,,24,388,397,170,0.97,1.4,214,16.1,16.5,7.0,German,,
Egypt,Loco,top gz,TOPG,Levant and North Africa,7,Flash,Breach,Viper,KAY/O,27,347,415,194,0.83,1.3,184,12.8,15.3,7.1,Arabic,,
Turkey,Loita,Pcific Esports,PCF,Turkey,1,Smoker,Omen,Viper,,34,528,497,277,1.06,1.61,207,15.5,14.6,8.1,Turkish,,
United Kingdom,Louitan,Ovation eSports,OVA,DACH,10,Anchor,Viper,KAY/O,Sage,21,282,315,122,0.89,1.28,194,13.4,15.0,5.8,English,,
United Kingdom,Luzuh,Ovation eSports,OVA,DACH,10,Entry,Jett,Raze,Chamber,21,296,332,67,0.89,1.09,202,14.0,15.8,3.1,English,,
Turkey,LêwN,Galatasaray Esports,GS,Turkey,4,Entry,Jett,Raze,Iso,27,547,459,107,1.19,1.42,260,20.2,17.0,3.9,Turkish,,
Netherlands,MAGiK,Joblife,JL,France,1,Smoker,Omen,Brimstone,Killjoy,25,384,344,172,1.11,1.61,210,15.3,13.7,6.8,French,Dutch,
France,MARCTYLINHO,DVM,DVM,France,8,Smoker,Omen,Deadlock,Astra,19,263,261,115,1.0,1.44,187,13.8,13.7,6.0,French,,
Romania,MCD,DIVIZON,DIV,DACH,6,Anchor,Cypher,Killjoy,Viper,19,293,255,69,1.14,1.41,182,15.4,13.4,3.6,Romanian,,
Turkey,MERZ,İstanbul Wildcats,IW,Turkey,8,Smoker,Omen,KAY/O,Viper,21,235,342,181,0.68,1.21,158,11.1,16.2,8.6,Turkish,,
Poland,MOLSI,Apeks,APK,North EMEA,1,Anchor,Sage,Breach,Sova,22,305,279,169,1.09,1.69,203,13.8,12.6,7.6,Polish,,
Qatar,Mabuchi,Underground Gaming,UG,GCC and Iraq,3,Entry,Raze,Jett,Neon,34,547,508,106,1.07,1.28,224,16.0,14.9,3.1,Arabic,,
Egypt,Magneto,top gz,TOPG,Levant and North Africa,7,Smoker,Omen,Sage,Clove,27,322,416,146,0.77,1.12,179,11.9,15.4,5.4,Arabic,,
Germany,Magnus,ALTERNATE aTTaX,ATN,DACH,5,Entry,Raze,Jett,Neon,27,429,378,77,1.13,1.33,223,15.8,14.0,2.8,German,,
Scotland,Marky,Metizport,MZP,North EMEA,6,Entry,Raze,Sage,Jett,10,155,169,40,0.91,1.15,207,15.5,16.9,4.0,English,Scots,
Turkey,Masic,Galakticos,GAL,Turkey,3,Entry,Jett,Raze,Chamber,35,520,518,158,1.0,1.3,186,14.8,14.8,4.5,Turkish,,
Belgium,MaximN,NXT,NXT,North EMEA,5,Recon,Fade,Sova,Deadlock,19,251,272,134,0.92,1.41,183,13.2,14.3,7.0,Dutch,French,German
Sweden,Meddo,SK Gaming,SK,DACH,7,Lurker,Breach,Viper,Killjoy,20,273,289,156,0.94,1.48,170,13.6,14.4,7.8,Swedish,,
Spain,Michel,ZETA (Spanish team),ZETA,Spain,7,Entry,Raze,Jett,,14,226,238,44,0.94,1.13,232,16.1,17.0,3.1,Spanish,,
Poland,Mickebwoy,Axolotl,AXL,Italy,8,Recon,Fade,,,2,30,19,15,1.57,2.36,178,15.0,9.5,7.5,Italian,Polish,
Spain,MikaEl,FALKE ESPORTS,FLK,Spain,6,Recon,Sova,Skye,Gekko,17,172,280,93,0.61,0.94,152,10.1,16.4,5.4,Spanish,,
Czechia,Minny,GoNext Esports,GN,East EMEA,1,Anchor,Killjoy,Gekko,Cypher,31,468,386,122,1.21,1.52,202,15.0,12.4,3.9,Czech,,
Saudi Arabia,Moh,Team Falcons,FLC,GCC and Iraq,1,Lurker,Omen,Chamber,Astra,33,529,413,162,1.28,1.67,225,16.0,12.5,4.9,Arabic,,
Italy,Morphiius,Axolotl,AXL,Italy,8,Lurker,Yoru,Omen,Jett,12,171,201,76,0.85,1.22,192,14.2,16.7,6.3,Italian,,
Italy,Morphiw0w,Outplayed,OP,Italy,3,Anchor,Viper,Skye,Deadlock,20,243,300,170,0.81,1.37,177,12.1,15.0,8.5,Italian,,
Slovenia,Mot1on,Gamax Esports,GMX,Levant and North Africa,5,Recon,Fade,Sova,Breach,33,472,437,243,1.08,1.63,196,14.3,13.2,7.3,Slovenian,,
Germany,Movi,Permitta Unicorns,PXU,DACH,8,Flash,Breach,Sova,Omen,20,263,316,143,0.83,1.28,166,13.1,15.8,7.1,German,,
Turkey,Mykoz,Imperium Gaming,IMP,Spain,8,Smoker,Viper,Omen,Sova,10,157,165,42,0.95,1.2,228,15.7,16.5,4.2,Spanish,Turkish,
Italy,N A I S,NOVO Esports,NOVO,Italy,2,Recon,Sova,Cypher,Gekko,22,277,274,113,1.01,1.42,186,12.5,12.4,5.1,Italian,,
Poland,NINJA,Chipi Chapa's,CHCH,East EMEA,5,Smoker,Omen,Viper,,25,379,345,141,1.09,1.5,195,15.1,13.8,5.6,Polish,,
France,NRK,Hurricane Of Feathers,HOF,Portugal,6,Lurker,Viper,Killjoy,Cypher,11,155,168,74,0.92,1.36,197,14.0,15.2,6.7,French,,
Italy,Nade,Outplayed,OP,Italy,3,Entry,Jett,Raze,,7,100,115,26,0.86,1.09,192,14.2,16.4,3.7,Italian,,
Saudi Arabia,Naifma7,Vision Esports,VIS,GCC and Iraq,8,Entry,Jett,Raze,Sova,19,306,306,53,1.0,1.17,223,16.1,16.1,2.7,Arabic,,
Tunisia,Nartzie,Skulls Esports,SKUL,Levant and North Africa,8,Recon,Sova,Cypher,Skye,18,168,248,81,0.67,1.0,154,9.3,13.7,4.5,Arabic,,
Saudi Arabia,Nawaf,Dragons Esports,DRGN,GCC and Iraq,7,Recon,Fade,Sova,KAY/O,29,386,432,171,0.89,1.28,182,13.3,14.8,5.8,Arabic,,
Poland,NeFi,Ex0Tik Gaming,EX0,Portugal,3,Flash,Gekko,Skye,Viper,15,181,188,74,0.96,1.35,189,12.0,12.5,4.9,Polish,,
Kuwait,Near,Unity Esports,UNT,GCC and Iraq,2,Recon,Sova,Fade,Viper,41,577,572,242,1.0,1.43,187,14.0,13.9,5.9,Arabic,,
Spain,Negradas,ZETA (Spanish team),ZETA,Spain,7,Anchor,Phoenix,Killjoy,Cypher,14,171,208,76,0.82,1.18,168,12.2,14.8,5.4,Spanish,,
Spain,Neiker,FALKE ESPORTS,FLK,Spain,6,Anchor,Killjoy,Cypher,,17,208,264,45,0.78,0.95,169,12.2,15.5,2.6,Spanish,,
France,NeskaaS,Valiant,VLNT,France,2,Anchor,Killjoy,Cypher,Brimstone,25,354,372,98,0.95,1.21,185,14.1,14.8,3.9,French,,
Saudi Arabia,Ninjas,Vision Esports,VIS,GCC and Iraq,8,Smoker,Omen,Viper,Sova,21,275,333,99,0.82,1.12,175,13.0,15.8,4.7,Arabic,,
France,NowaXxZang,Cicadas Gaming,CG,France,5,Smoker,Omen,Viper,,18,193,290,127,0.66,1.1,153,10.7,16.1,7.0,French,,
Czechia,Nunmeister,B8 Esports,B8,East EMEA,6,Lurker,Cypher,Yoru,KAY/O,27,422,406,201,1.03,1.53,202,15.6,15.0,7.4,Czech,,
Spain,Nunu,Imperium Gaming,IMP,Spain,8,Smoker,KAY/O,Omen,Viper,14,176,223,92,0.78,1.2,179,12.5,15.9,6.5,Spanish,,
Germany,NyaRu,DIVIZON,DIV,DACH,6,Anchor,Killjoy,Jett,Cypher,3,33,40,8,0.82,1.02,143,11.0,13.3,2.6,German,,
Portugal,OLIZERA,UCAM Esports Club,UCAM,Spain,2,Anchor,Cypher,Killjoy,Raze,21,310,269,105,1.15,1.54,209,14.7,12.8,5.0,Spanish,Portuguese,Mirandese
Turkey,OXMANN,SuperMassive Esports,SUP,Turkey,6,Anchor,Cypher,Viper,Killjoy,12,202,178,57,1.13,1.45,201,16.8,14.8,4.7,Turkish,,
France,OniBy,Akroma,AKR,France,6,Flash,Gekko,Sova,Sage,18,236,290,108,0.81,1.18,176,13.1,16.1,6.0,French,,
Lithuania,OzzyTK,Metizport,MZP,North EMEA,6,Smoker,Viper,Skye,Iso,17,235,290,85,0.81,1.1,176,13.8,17.0,5.0,Lithuanian,,
Poland,PROFEK,GoNext Esports,GN,East EMEA,1,Smoker,Omen,Viper,,31,542,369,248,1.46,2.14,239,17.4,11.9,8.0,Polish,,
Denmark,Pa1ze,Diamant Esports,DIA,East EMEA,2,Entry,Raze,Jett,Neon,39,699,595,125,1.17,1.38,245,17.9,15.2,3.2,Danish,English,
Turkey,Padisah,Galatasaray Esports,GS,Turkey,4,Anchor,Killjoy,Cypher,Brimstone,27,422,426,114,0.99,1.25,198,15.6,15.7,4.2,Turkish,,
Slovenia,Patix,Impulse Gaming Warriors,IGW,Portugal,4,Recon,Sova,Gekko,Sage,18,216,248,95,0.87,1.25,175,12.0,13.7,5.2,Slovenian,,
Turkey,Patrui,S2G Esports,S2G,Turkey,7,Smoker,Viper,Omen,Brimstone,24,354,348,215,1.01,1.63,191,14.7,14.5,8.9,Turkish,,
Italy,Pax,RTZN,RTZN,Italy,7,Entry,Raze,Jett,,11,156,198,36,0.78,0.96,198,14.1,18.0,3.2,Italian,,
Portugal,Phatt,PPP,PPP,Portugal,2,Flash,Breach,Sage,Gekko,24,279,273,194,1.02,1.73,161,11.6,11.3,8.0,Portuguese,Mirandese,
Serbia,Prti,Diamant Esports,DIA,East EMEA,2,Recon,Skye,Fade,Breach,39,480,551,293,0.87,1.4,170,12.3,14.1,7.5,Serbian,,
Sweden,Puggy,Formulation Gaming,FMG,North EMEA,7,Recon,Sova,Fade,Gekko,17,230,250,141,0.92,1.48,184,13.5,14.7,8.2,Swedish,,
Argentina,Pukytoo,ZETA (Spanish team),ZETA,Spain,7,Flash,Omen,KAY/O,Breach,10,98,163,67,0.6,1.01,141,9.8,16.3,6.7,Spanish,,
Spain,Quick,UCAM Esports Club,UCAM,Spain,2,Recon,Sova,Fade,,21,280,265,108,1.05,1.46,183,13.3,12.6,5.1,Spanish,,
Ukraine,RARE,B8 Esports,B8,East EMEA,6,Anchor,Cypher,Omen,Deadlock,7,81,112,35,0.72,1.03,152,11.5,16.0,5.0,Ukrainian,,
Russia,Razvy,top gz,TOPG,Levant and North Africa,7,Anchor,Killjoy,Cypher,,5,57,72,11,0.79,0.94,168,11.4,14.4,2.2,Russian,,
United Kingdom,ReQz,NXT,NXT,North EMEA,5,Entry,Raze,Sova,Jett,20,324,307,124,1.05,1.45,219,16.2,15.3,6.2,English,,
Austria,Reapy,top gz,TOPG,Levant and North Africa,7,Entry,Jett,Raze,,27,393,424,67,0.92,1.08,208,14.5,15.7,2.4,German,,
Israel,Reason,RTZN,RTZN,Italy,7,Recon,Sova,,,2,19,29,16,0.65,1.2,150,9.5,14.5,8.0,Italian,Hebrew,
Austria,Rexon,XPERION NXT,NXT,DACH,9,Lurker,Omen,Cypher,Skye,20,239,327,132,0.73,1.13,152,11.9,16.3,6.6,German,,
Italy,RickyVaila,Axolotl,AXL,Italy,8,Smoker,Viper,Fade,Gekko,12,177,183,67,0.96,1.33,188,14.7,15.2,5.5,Italian,,
Netherlands,RobbieBk,Joblife,JL,France,1,Recon,Sova,Skye,Fade,25,352,336,140,1.04,1.46,190,14.0,13.4,5.6,French,Dutch,
Saudi Arabia,Robotic,Fraggerz,FRG,GCC and Iraq,5,Flash,Breach,Sova,Skye,7,98,121,36,0.8,1.1,186,14.0,17.2,5.1,Arabic,,
Egypt,RockeT,Gamax Esports,GMX,Levant and North Africa,5,Entry,Raze,Jett,,33,505,537,116,0.94,1.15,217,15.3,16.2,3.5,Arabic,,
Turkey,Rosé,Pcific Esports,PCF,Turkey,1,Recon,Sova,Breach,Omen,34,437,513,230,0.85,1.3,174,12.8,15.0,6.7,Turkish,,
Turkey,Ruxic,Fire Flux Esports,FF,Turkey,5,Smoker,Omen,Viper,,26,458,375,228,1.22,1.82,228,17.6,14.4,8.7,Turkish,,
Germany,RxYaL,Permitta Unicorns,PXU,DACH,8,Lurker,Omen,Chamber,Viper,8,83,125,37,0.66,0.96,163,10.3,15.6,4.6,German,,
Denmark,SEIDER,FOKUS,FKS,DACH,4,Recon,Gekko,Fade,Sova,30,326,404,183,0.8,1.25,152,10.8,13.4,6.1,Danish,English,
Finland,SPMAK,DIVIZON,DIV,DACH,6,Flash,Breach,Sova,Skye,24,302,371,231,0.81,1.43,174,12.5,15.4,9.6,Finnish,Swedish,
Germany,STAVINCI,ALTERNATE aTTaX,ATN,DACH,5,Flash,Breach,Gekko,KAY/O,27,351,380,206,0.92,1.46,179,13.0,14.0,7.6,German,,
Turkey,STERBEN,SuperMassive Esports,SUP,Turkey,6,Smoker,Omen,Viper,Astra,29,469,417,242,1.12,1.7,214,16.1,14.3,8.3,Turkish,,
Egypt,SXL,Gamax Esports,GMX,Levant and North Africa,5,Flash,Breach,Gekko,Brimstone,13,137,181,130,0.75,1.47,142,10.5,13.9,10.0,Arabic,,
Czechia,Sacake,Valiant,VLNT,France,2,Recon,Gekko,Sova,Fade,25,295,374,167,0.78,1.23,167,11.8,14.9,6.6,French,Czech,
Spain,Saiz,Barça eSports,BAR,Spain,1,Anchor,Killjoy,Cypher,Sage,24,366,338,110,1.08,1.4,204,15.2,14.0,4.5,Spanish,,
Egypt,Sand,Team Falcons,FLC,GCC and Iraq,1,Anchor,Cypher,Viper,Harbor,33,471,377,158,1.24,1.66,195,14.2,11.4,4.7,Arabic,,
Turkey,SasuKe,Eternal Fire,EF,Turkey,9,Recon,KAY/O,Omen,Sova,21,247,325,188,0.76,1.33,164,11.7,15.4,8.9,Turkish,,
Moldova,Sayonara,KPI Gaming,KPI,EMEA Playins,2,Entry,Raze,Jett,Sova,10,201,150,55,1.34,1.7,262,20.1,15.0,5.5,Moldovan,,
Norway,SemberN,Formulation Gaming,FMG,North EMEA,7,Anchor,Cypher,Viper,Killjoy,17,265,270,66,0.98,1.22,192,15.5,15.8,3.8,Norwegian,,
Latvia,Serial,Chipi Chapa's,CHCH,East EMEA,5,Anchor,Cypher,Gekko,Deadlock,27,454,409,109,1.11,1.37,217,16.8,15.1,4.0,Latvian,,
United Kingdom,Sevire,Solary,SLY,France,7,Flash,KAY/O,Sage,Breach,19,291,319,163,0.91,1.42,195,15.3,16.7,8.5,French,English,
Germany,Sevkaan,ALTERNATE aTTaX,ATN,DACH,5,Anchor,Killjoy,Cypher,,11,147,145,37,1.01,1.26,179,13.3,13.1,3.3,German,,
Jordan,ShawateRR,Underground Gaming,UG,GCC and Iraq,3,Smoker,Omen,Viper,,16,200,246,122,0.81,1.3,175,12.5,15.3,7.6,Arabic,,
Germany,Shazeon,Eintracht Frankfurt,SGE,DACH,3,Anchor,Cypher,Viper,Killjoy,29,486,456,181,1.06,1.46,203,16.7,15.7,6.2,German,,
Egypt,Shniider,Team RA'AD,RAAD,Levant and North Africa,2,Smoker,Clove,Gekko,Viper,37,626,635,244,0.98,1.37,224,16.9,17.1,6.5,Arabic,,
Belarus,SimonD4rk,R8 Esports,R8,Levant and North Africa,1,Flex,Raze,Yoru,Reyna,40,698,563,164,1.23,1.53,247,17.4,14.0,4.1,Russian,Belarusian,
Tunisia,Slacherj,Skulls Esports,SKUL,Levant and North Africa,8,Recon,Sova,Skye,Raze,15,175,232,50,0.75,0.96,184,11.6,15.4,3.3,Arabic,,
Portugal,Slaxx,FUZOS,FUZO,Portugal,7,Flash,Gekko,Breach,,6,97,101,41,0.96,1.36,189,16.1,16.8,6.8,Portuguese,Mirandese,
Norway,Snaptor,Axolotl,AXL,Italy,8,Entry,Reyna,,,2,21,31,4,0.67,0.8,186,10.5,15.5,2.0,Italian,Norwegian,
Kuwait,SnipKw,Unity Esports,UNT,GCC and Iraq,2,Smoker,Omen,Gekko,Brimstone,35,537,529,283,1.01,1.55,207,15.3,15.1,8.0,Arabic,,
Finland,Snowi,OnlyFins,OF,North EMEA,4,Flash,Breach,KAY/O,Skye,27,354,380,278,0.93,1.66,183,13.1,14.0,10.2,Finnish,Swedish,
France,SoOn,Mandatory,MDR,France,4,Anchor,Cypher,Killjoy,,19,249,273,84,0.91,1.21,172,13.1,14.3,4.4,French,,
Turkey,SouhcNi,SuperMassive Esports,SUP,Turkey,6,Recon,Sova,Gekko,Fade,29,325,414,198,0.78,1.26,153,11.2,14.2,6.8,Turkish,,
Russia,Sp1ke,Cicadas Gaming,CG,France,5,Entry,Jett,Raze,Neon,18,266,273,72,0.97,1.23,213,14.7,15.1,4.0,French,Russian,
Lebanon,SpY,Team Falcons,FLC,GCC and Iraq,1,Recon,Skye,Gekko,Fade,33,469,380,220,1.23,1.81,200,14.2,11.5,6.6,Arabic,,
Germany,Spocki,XPERION NXT,NXT,DACH,9,Flash,KAY/O,Gekko,Skye,20,263,341,147,0.77,1.2,165,13.1,17.0,7.3,German,,
Poland,Stix,Incognito,INCO,East EMEA,9,Smoker,Omen,Viper,Skye,21,310,306,115,1.01,1.38,200,14.7,14.5,5.4,Polish,,
Poland,Szalony,Incognito,INCO,East EMEA,9,Flex,Iso,Jett,,3,33,48,10,0.68,0.89,170,11.0,16.0,3.3,Polish,,
Hungary,Szimpli,DVM,DVM,France,8,Entry,Phoenix,Jett,Raze,19,294,306,84,0.96,1.23,216,15.4,16.1,4.4,French,Hungarian,
United Kingdom,T0BA,Requiem,RQM,North EMEA,3,Anchor,Cypher,Killjoy,Brimstone,27,399,386,148,1.03,1.41,198,14.7,14.2,5.4,English,,
Italy,Tag,DSYRE,DSY,Italy,1,Lurker,Viper,Killjoy,Cypher,19,269,233,117,1.15,1.65,201,14.1,12.2,6.1,Italian,,
Poland,TajReX,trashcan,TR,East EMEA,4,Anchor,Killjoy,Viper,Raze,34,532,513,164,1.03,1.35,226,15.6,15.0,4.8,Polish,,
Ireland,Tempo,SweetNSour,SNS,North EMEA,2,Anchor,Killjoy,Cypher,Viper,25,377,380,72,0.99,1.18,189,15.0,15.2,2.8,English,,
Spain,TiTaN,FIVE Media Clan,FIVE,Spain,5,Recon,Sova,Viper,KAY/O,11,138,150,69,0.92,1.38,179,12.5,13.6,6.2,Spanish,,
Russia,Tian,FUZOS,FUZO,Portugal,7,Entry,Raze,Jett,,3,34,46,7,0.73,0.89,167,11.3,15.3,2.3,Russian,,
United Kingdom,Ticey,SweetNSour,SNS,North EMEA,2,Entry,Raze,Jett,Yoru,29,550,465,124,1.18,1.44,245,18.9,16.0,4.2,English,,
France,TiduS,Akroma,AKR,France,6,Lurker,Omen,Killjoy,Astra,18,245,284,87,0.86,1.16,172,13.6,15.7,4.8,French,,
Saudi Arabia,Titanjr,Underground Gaming,UG,GCC and Iraq,3,Smoker,Viper,Omen,Fade,25,347,367,158,0.94,1.37,206,13.8,14.6,6.3,Arabic,,
Turkey,Toronto,Imperium Gaming,IMP,Spain,8,Entry,Raze,Jett,,2,17,29,6,0.58,0.79,144,8.5,14.5,3.0,Spanish,Turkish,
Turkey,Touven,Galatasaray Esports,GS,Turkey,4,Flex,Yoru,KAY/O,Raze,27,399,428,215,0.93,1.43,187,14.7,15.8,7.9,Turkish,,
Turkey,Turko,Fire Flux Esports,FF,Turkey,5,Lurker,Cypher,Killjoy,Omen,26,393,374,152,1.05,1.45,191,15.1,14.3,5.8,Turkish,,
Poland,UNFAKE,ZERANCE,ZER,France,3,Recon,Sova,Skye,Gekko,26,368,346,153,1.06,1.5,188,14.1,13.3,5.8,French,Polish,
Portugal,VTaguT,FALKE ESPORTS,FLK,Spain,6,Smoker,KAY/O,Omen,Viper,17,198,264,117,0.75,1.19,168,11.6,15.5,6.8,Spanish,Portuguese,Mirandese
Saudi Arabia,Veenx,Vision Esports,VIS,GCC and Iraq,8,Flash,Breach,Sage,Gekko,21,231,327,159,0.7,1.19,156,11.0,15.5,7.5,Arabic,,
Turkey,VenTT,HOWL Esports,HOWL,Turkey,2,Smoker,Omen,Harbor,Brimstone,34,522,514,312,1.01,1.62,197,15.3,15.1,9.1,Turkish,,
France,Veqaj,ZERANCE,ZER,France,3,Flash,Viper,Breach,Skye,26,405,324,217,1.25,1.91,213,15.5,12.4,8.3,French,,
Germany,Vince,CGN Esports,CGN,EMEA Playins,1,Smoker,Omen,Astra,Brimstone,10,170,131,69,1.29,1.82,218,17.0,13.1,6.9,German,,
Russia,Vitie,Apinaorkesteri,APE,North EMEA,8,Smoker,Omen,Viper,Brimstone,19,300,299,164,1.0,1.55,214,15.7,15.7,8.6,Russian,,
Spain,Vorwenn,Barça eSports,BAR,Spain,1,Lurker,Astra,Cypher,Sova,24,305,331,166,0.92,1.42,170,12.7,13.7,6.9,Spanish,,
Turkey,VuexLex,HGE Esports,HE,Italy,4,Entry,Jett,Raze,,12,183,189,40,0.96,1.17,206,15.2,15.7,3.3,Italian,Turkish,
Finland,Vuubit,Acend,ACE,East EMEA,3,Recon,KAY/O,,,1,8,17,14,0.47,1.29,132,8.0,17.0,14.0,Finnish,Swedish,
Estonia,WACKIE,DSYRE,DSY,Italy,1,Flash,KAY/O,Gekko,Viper,19,325,221,172,1.47,2.24,234,17.1,11.6,9.0,Italian,Estonian,
Portugal,Waer,FUZOS,FUZO,Portugal,7,Smoker,Viper,Omen,Brimstone,6,97,90,31,1.07,1.42,220,16.1,15.0,5.1,Portuguese,Mirandese,
United Kingdom,Waken,Metizport,MZP,North EMEA,6,Smoker,Omen,Jett,Viper,11,177,189,83,0.93,1.37,194,16.0,17.1,7.5,English,,
Czechia,WanZeru,B8 Esports,B8,East EMEA,6,Entry,Raze,Neon,Jett,27,485,457,95,1.06,1.26,245,17.9,16.9,3.5,Czech,,
Turkey,Wasp,Eternal Fire,EF,Turkey,9,Recon,Sova,Iso,Gekko,12,153,193,60,0.79,1.1,170,12.7,16.0,5.0,Turkish,,
Belarus,Winteryrook,R8 Esports,R8,Levant and North Africa,1,Smoker,Viper,Sage,Astra,40,654,553,298,1.18,1.72,226,16.3,13.8,7.4,Russian,Belarusian,
France,Wissite,NXT,NXT,North EMEA,5,Anchor,Cypher,,,2,23,30,12,0.76,1.16,153,11.5,15.0,6.0,French,,
Spain,Ximy,FIVE Media Clan,FIVE,Spain,5,Flash,KAY/O,Breach,,10,136,141,105,0.96,1.7,178,13.6,14.1,10.5,Spanish,,
Wales,YaBoiLewis,FOKUS,FKS,DACH,4,Recon,KAY/O,Raze,Skye,30,449,422,206,1.06,1.55,214,14.9,14.0,6.8,Welsh,English,
Egypt,Yassien,Team RA'AD,RAAD,Levant and North Africa,2,Entry,Raze,Gekko,Jett,37,611,552,162,1.1,1.4,219,16.5,14.9,4.3,Arabic,,
Turkey,Yigox,Fenerbahçe Esports,FB,Turkey,10,Anchor,Cypher,Sage,Sova,16,194,244,55,0.79,1.02,154,12.1,15.2,3.4,Turkish,,
France,Yohpa,Cicadas Gaming,CG,France,5,Flex,Yoru,Sova,Sage,18,278,263,95,1.05,1.41,205,15.4,14.6,5.2,French,,
Spain,YuNo,FIVE Media Clan,FIVE,Spain,5,Smoker,Omen,Viper,Gekko,17,233,248,114,0.93,1.39,193,13.7,14.5,6.7,Spanish,,
France,Yuta,Cicadas Gaming,CG,France,5,Anchor,Cypher,Killjoy,,18,264,268,66,0.98,1.23,190,14.6,14.8,3.6,French,,
Italy,Z3R0,Outplayed,OP,Italy,3,Smoker,Omen,Brimstone,KAY/O,20,336,285,212,1.17,1.92,227,16.8,14.2,10.6,Italian,,
United Kingdom,ZachKappa,Chipi Chapa's,CHCH,East EMEA,5,Anchor,Killjoy,Raze,Cypher,27,392,391,90,1.0,1.23,192,14.5,14.4,3.3,English,,
Egypt,Ziad,DIVIZON,DIV,DACH,6,Entry,Raze,Jett,Yoru,24,378,392,110,0.96,1.24,212,15.7,16.3,4.5,Arabic,,
Saudi Arabia,Zimo,Twisted Minds,TWIS,GCC and Iraq,6,Smoker,Omen,Viper,Brimstone,36,531,502,243,1.05,1.54,188,14.7,13.9,6.7,Arabic,,
Israel,Zneva,NOM Esports,NOM,East EMEA,7,Anchor,Killjoy,Cypher,,23,348,363,88,0.95,1.2,186,15.1,15.7,3.8,Hebrew,,
United Kingdom,aNguiSt,CGN Esports,CGN,EMEA Playins,1,Anchor,Killjoy,Cypher,Deadlock,10,173,112,33,1.54,1.83,219,17.3,11.2,3.3,English,,
Saudi Arabia,adelano,Underground Gaming,UG,GCC and Iraq,3,Lurker,Omen,Gekko,Cypher,18,250,242,127,1.03,1.55,193,13.8,13.4,7.0,Arabic,,
Poland,adm1k,Incognito,INCO,East EMEA,9,Recon,Sova,Viper,Fade,18,232,292,113,0.79,1.18,180,12.8,16.2,6.2,Polish,,
Turkey,aimDLL,Gamax Esports,GMX,Levant and North Africa,5,Anchor,Cypher,Killjoy,Viper,33,598,440,135,1.35,1.66,238,18.1,13.3,4.0,Turkish,,
Germany,al0rante,FOKUS,FKS,DACH,4,Lurker,Cypher,Astra,Viper,30,473,410,113,1.15,1.42,215,15.7,13.6,3.7,German,,
Slovenia,al1en,VX300 Gaming,VX3,Italy,5,Smoker,Omen,Viper,Brimstone,13,172,180,97,0.95,1.49,190,13.2,13.8,7.4,Italian,Slovenian,
Italy,alannn,NOVO Esports,NOVO,Italy,2,Anchor,Killjoy,Cypher,Deadlock,22,302,254,70,1.18,1.46,204,13.7,11.5,3.1,Italian,,
Czechia,alexiiik,GoNext Esports,GN,East EMEA,1,Entry,Jett,Raze,Neon,31,516,462,95,1.11,1.32,225,16.6,14.9,3.0,Czech,,
Kuwait,aljaDi,Fraggerz,FRG,GCC and Iraq,5,Anchor,Killjoy,Jett,Cypher,29,472,450,86,1.04,1.24,218,16.2,15.5,2.9,Arabic,,
Poland,almo,Zero Tenacity,Z10,East EMEA,8,Flex,Raze,Yoru,Viper,22,344,376,84,0.91,1.13,202,15.6,17.0,3.8,Polish,,
Jordan,alvar,Underground Gaming,UG,GCC and Iraq,3,Flash,Viper,Gekko,KAY/O,16,269,243,79,1.1,1.43,228,16.8,15.1,4.9,Arabic,,
Ukraine,arch,B8 Esports,B8,East EMEA,6,Recon,Sova,Fade,Skye,27,320,429,157,0.74,1.11,158,11.8,15.8,5.8,Ukrainian,,
Egypt,avez,NASR Esports,NASR,Levant and North Africa,3,Recon,Viper,Sova,Fade,33,486,401,207,1.21,1.72,211,14.7,12.1,6.2,Arabic,,
Spain,azaziN,Imperium Gaming,IMP,Spain,8,Entry,Raze,Jett,,4,72,68,12,1.05,1.23,232,18.0,17.0,3.0,Spanish,,
Germany,azury,UCAM Esports Club,UCAM,Spain,2,Smoker,Omen,Brimstone,Viper,21,291,255,170,1.14,1.8,194,13.8,12.1,8.0,Spanish,German,
Turkey,baha,İstanbul Wildcats,IW,Turkey,8,Flash,Gekko,Omen,Raze,21,273,338,130,0.8,1.19,178,13.0,16.0,6.1,Turkish,,
Russia,basya,VX300 Gaming,VX3,Italy,5,Anchor,Killjoy,Cypher,Viper,13,190,182,63,1.04,1.39,213,14.6,14.0,4.8,Italian,Russian,
Turkey,batujnax,S2G Esports,S2G,Turkey,7,Entry,Raze,Neon,Omen,24,382,386,163,0.98,1.41,212,15.9,16.0,6.7,Turkish,,
Italy,bipo,NOVO Esports,NOVO,Italy,2,Entry,Jett,Neon,Yoru,22,359,290,88,1.23,1.54,248,16.3,13.1,4.0,Italian,,
Tunisia,bramz,Akroma,AKR,France,6,Flash,Skye,KAY/O,Gekko,18,274,280,86,0.97,1.28,196,15.2,15.5,4.7,French,Arabic,
Portugal,brk,SAW,SAW,Portugal,1,Entry,Jett,Raze,Yoru,22,393,275,95,1.42,1.77,258,17.8,12.5,4.3,Portuguese,Mirandese,
Germany,bucher,FOKUS,FKS,DACH,4,Smoker,Omen,Brimstone,Viper,30,387,378,219,1.02,1.6,182,12.9,12.6,7.3,German,,
Hungary,bzt,Chipi Chapa's,CHCH,East EMEA,5,Recon,Sova,Breach,Fade,27,343,374,198,0.91,1.44,174,12.7,13.8,7.3,Hungarian,,
Turkey,cacan,Fenerbahçe Esports,FB,Turkey,10,Anchor,Killjoy,Cypher,Fade,21,297,316,67,0.93,1.15,196,14.1,15.0,3.1,Turkish,,
Ireland,canefis,Ovation eSports,OVA,DACH,10,Anchor,Killjoy,Cypher,Viper,21,261,311,62,0.83,1.03,172,12.4,14.8,2.9,English,,
Italy,caydeN,DSYRE,DSY,Italy,1,Smoker,Omen,Brimstone,Sage,19,231,237,180,0.97,1.73,177,12.1,12.4,9.4,Italian,,
Russia,chiwa,Acend,ACE,East EMEA,3,Anchor,Cypher,Killjoy,Viper,36,617,504,155,1.22,1.53,214,17.1,14.0,4.3,Russian,,
Egypt,chrollo,Team RA'AD,RAAD,Levant and North Africa,2,Smoker,Omen,Viper,Brimstone,37,511,509,282,1.0,1.55,187,13.8,13.7,7.6,Arabic,,
Russia,chukl9,Apinaorkesteri,APE,North EMEA,8,Recon,Sova,Gekko,Fade,13,171,203,83,0.84,1.25,180,13.1,15.6,6.3,Russian,,
United Kingdom,crr,Requiem,RQM,North EMEA,3,Smoker,Viper,Reyna,Gekko,3,23,46,5,0.5,0.6,99,7.6,15.3,1.6,English,,
Denmark,cullum,Acend,ACE,East EMEA,3,Flex,KAY/O,Reyna,Iso,35,533,566,239,0.94,1.36,199,15.2,16.1,6.8,Danish,English,
Russia,d3ffo,Valiant,VLNT,France,2,Entry,Raze,Jett,Neon,25,434,384,99,1.13,1.38,233,17.3,15.3,3.9,French,Russian,
Turkey,d3mur,Outplayed,OP,Italy,3,Entry,Jett,Raze,,8,148,142,27,1.04,1.23,240,18.5,17.7,3.3,Italian,Turkish,
Saudi Arabia,d7o,Dragons Esports,DRGN,GCC and Iraq,7,Smoker,Omen,Harbor,Gekko,31,408,476,222,0.85,1.32,179,13.1,15.3,7.1,Arabic,,
France,dAkE,Hurricane Of Feathers,HOF,Portugal,6,Smoker,Omen,,,2,13,29,10,0.44,0.79,113,6.5,14.5,5.0,French,,
Turkey,dRKY,İstanbul Wildcats,IW,Turkey,8,Flash,Breach,Harbor,Sova,21,285,304,152,0.93,1.43,179,13.5,14.4,7.2,Turkish,,
Poland,darkosek,Incognito,INCO,East EMEA,9,Smoker,Omen,Breach,Jett,21,270,356,113,0.75,1.07,170,12.8,16.9,5.3,Polish,,
Poland,demek,Incognito,INCO,East EMEA,9,Entry,Raze,Jett,Clove,21,275,346,68,0.79,0.99,181,13.0,16.4,3.2,Polish,,
Turkey,deminatiX,İstanbul Wildcats,IW,Turkey,8,Entry,Jett,Yoru,Raze,21,374,341,75,1.09,1.31,250,17.8,16.2,3.5,Turkish,,
Italy,dok,HGE Esports,HE,Italy,4,Flash,KAY/O,Gekko,Skye,17,194,240,169,0.8,1.51,157,11.4,14.1,9.9,Italian,,
Austria,eNes,Eintracht Frankfurt,SGE,DACH,3,Smoker,Omen,Clove,Astra,29,431,481,230,0.89,1.37,183,14.8,16.5,7.9,German,,
Greece,eXampL,DIVIZON,DIV,DACH,6,Recon,Sova,Skye,Viper,24,395,320,170,1.23,1.76,207,16.4,13.3,7.0,Greek,,
Czechia,eleo,Ovation eSports,OVA,DACH,10,Recon,Sova,Fade,KAY/O,21,232,317,123,0.73,1.11,168,11.0,15.0,5.8,Czech,,
Serbia,elllement,CGN Esports,CGN,EMEA Playins,1,Entry,Jett,Raze,Yoru,10,183,134,30,1.36,1.58,243,18.3,13.4,3.0,Serbian,,
Italy,esc,Axolotl,AXL,Italy,8,Smoker,Viper,,,2,19,31,4,0.61,0.74,159,9.5,15.5,2.0,Italian,,
Italy,eya,Axolotl,AXL,Italy,8,Entry,Jett,,,2,28,33,3,0.84,0.93,231,14.0,16.5,1.5,Italian,,
Russia,f4ngeer,trashcan,TR,East EMEA,4,Entry,Jett,Raze,Gekko,34,619,492,135,1.25,1.53,246,18.2,14.4,3.9,Russian,,
Portugal,fainz,PPP,PPP,Portugal,2,Entry,Raze,Jett,Neon,24,401,342,85,1.17,1.42,246,16.7,14.2,3.5,Portuguese,Mirandese,
Russia,falltw,Gamax Esports,GMX,Levant and North Africa,5,Smoker,Omen,Brimstone,Viper,33,508,497,229,1.02,1.48,211,15.3,15.0,6.9,Russian,,
Portugal,furyan,FTW LEÇA FC,FXL,Portugal,8,Entry,Jett,Iso,Reyna,13,177,231,67,0.76,1.05,186,13.6,17.7,5.1,Portuguese,Mirandese,
Israel,g I L,NOM Esports,NOM,East EMEA,7,Smoker,Omen,,,2,22,34,27,0.64,1.44,142,11.0,17.0,13.5,Hebrew,,
Russia,globeX,Chipi Chapa's,CHCH,East EMEA,5,Flex,Yoru,Raze,Omen,16,256,256,86,1.0,1.33,214,16.0,16.0,5.3,Russian,,
Turkey,glovee,Galakticos,GAL,Turkey,3,Recon,Sova,Gekko,Omen,34,456,507,239,0.89,1.37,172,13.4,14.9,7.0,Turkish,,
Portugal,guedeszy,FTW LEÇA FC,FXL,Portugal,8,Lurker,KAY/O,Killjoy,Astra,6,96,104,39,0.92,1.29,204,16.0,17.3,6.5,Portuguese,Mirandese,
Finland,h1ber,NOVO Esports,NOVO,Italy,2,Anchor,Sage,Breach,Sova,22,304,276,178,1.1,1.74,216,13.8,12.5,8.0,Italian,Finnish,Swedish
Russia,haint,Vision Esports,VIS,GCC and Iraq,8,Recon,Sova,Fade,Breach,13,137,210,68,0.65,0.97,152,10.5,16.1,5.2,Russian,,
Latvia,harambe,Requiem,RQM,North EMEA,3,Entry,Raze,Jett,Omen,29,523,434,117,1.2,1.47,242,18.0,14.9,4.0,Latvian,,
Netherlands,hiro,SuperMassive Esports,SUP,Turkey,6,Lurker,Cypher,Killjoy,Yoru,9,172,125,45,1.37,1.73,242,19.1,13.8,5.0,Turkish,Dutch,
Spain,humanz,FIVE Media Clan,FIVE,Spain,5,Flash,Breach,Gekko,Omen,7,62,116,44,0.53,0.91,132,8.8,16.5,6.2,Spanish,,
Lithuania,hype,Apeks,APK,North EMEA,1,Anchor,Killjoy,Viper,Cypher,22,302,270,77,1.11,1.4,190,13.7,12.2,3.5,Lithuanian,,
Belgium,iDex,Ramboot Club,RBT,Spain,4,Recon,Sova,Cypher,Breach,6,85,95,29,0.89,1.2,169,14.1,15.8,4.8,Spanish,Dutch,French
Saudi Arabia,iFly,Twisted Minds,TWIS,GCC and Iraq,6,Entry,Jett,Raze,Cypher,18,307,285,72,1.07,1.32,223,17.0,15.8,4.0,Arabic,,
Wales,ianto,Requiem,RQM,North EMEA,3,Lurker,Gekko,Viper,Yoru,27,381,376,186,1.01,1.5,192,14.1,13.9,6.8,Welsh,English,
Egypt,iboss,Team Occupy,OPY,Levant and North Africa,6,Smoker,Brimstone,Reyna,,2,25,37,11,0.67,0.97,156,12.5,18.5,5.5,Arabic,,
Finland,iluri,MOUZ,MOUZ,DACH,1,Flash,Breach,Gekko,Skye,38,466,549,282,0.84,1.36,154,12.2,14.4,7.4,Finnish,Swedish,
Russia,insider,KPI Gaming,KPI,EMEA Playins,2,Anchor,Killjoy,Viper,,10,138,136,37,1.01,1.28,192,13.8,13.6,3.7,Russian,,
Turkey,ip0TT,Galakticos,GAL,Turkey,3,Entry,Raze,Jett,Iso,35,626,558,174,1.12,1.43,232,17.8,15.9,4.9,Turkish,,
Portugal,jannyXD,Ramboot Club,RBT,Spain,4,Entry,Jett,Raze,Yoru,21,373,317,84,1.17,1.44,227,17.7,15.0,4.0,Spanish,Portuguese,Mirandese
Poland,jas,Joblife,JL,France,1,Entry,Raze,Jett,Neon,25,399,368,88,1.08,1.32,225,15.9,14.7,3.5,French,Polish,
Turkey,jeyj7y,S2G Esports,S2G,Turkey,7,Recon,Sova,KAY/O,Deadlock,19,247,301,122,0.82,1.22,170,13.0,15.8,6.4,Turkish,,
Ireland,juseu,DVM,DVM,France,8,Entry,Raze,Jett,,11,186,155,30,1.2,1.39,234,16.9,14.0,2.7,French,English,
Pakistan,k1Ng,Fraggerz,FRG,GCC and Iraq,5,Recon,Skye,Sova,Killjoy,29,496,440,183,1.12,1.54,236,17.1,15.1,6.3,English,Urdu,
Portugal,k4nzo,FTW LEÇA FC,FXL,Portugal,8,Lurker,Cypher,Killjoy,Omen,11,143,174,62,0.82,1.17,178,13.0,15.8,5.6,Portuguese,Mirandese,
France,kAdavra,DVM,DVM,France,8,Smoker,Omen,Breach,,3,60,41,28,1.46,2.14,237,20.0,13.6,9.3,French,,
Syria,kAzoo,Twisted Minds,TWIS,GCC and Iraq,6,Flash,Gekko,Reyna,Killjoy,36,515,533,177,0.96,1.29,188,14.3,14.8,4.9,Arabic,,
Poland,kaajak,Apeks,APK,North EMEA,1,Entry,Jett,Gekko,Raze,22,446,285,72,1.56,1.81,276,20.2,12.9,3.2,Polish,,
Poland,kamyk,Joblife,JL,France,1,Flash,KAY/O,Breach,Gekko,25,405,342,215,1.18,1.81,216,16.2,13.6,8.6,French,Polish,
United Kingdom,kasper,Fraggerz,FRG,GCC and Iraq,5,Flash,Gekko,Skye,Breach,26,330,389,138,0.84,1.2,167,12.6,14.9,5.3,English,,
Portugal,kayban,Hurricane Of Feathers,HOF,Portugal,6,Recon,KAY/O,,,3,28,45,22,0.62,1.11,140,9.3,15.0,7.3,Portuguese,Mirandese,
Poland,kenobi,Zero Tenacity,Z10,East EMEA,8,Lurker,Viper,Cypher,KAY/O,22,291,359,131,0.81,1.17,175,13.2,16.3,5.9,Polish,,
Switzerland,kovaQ,ALTERNATE aTTaX,ATN,DACH,5,Recon,Sova,KAY/O,Skye,27,424,367,205,1.15,1.71,223,15.7,13.5,7.5,German,French,Italian
Poland,krejzzs,FIVE Media Clan,FIVE,Spain,5,Entry,Jett,Raze,,16,297,237,42,1.25,1.43,253,18.5,14.8,2.6,Spanish,Polish,
Spain,krysyS,FIVE Media Clan,FIVE,Spain,5,Flash,KAY/O,Skye,Gekko,7,83,106,49,0.78,1.24,174,11.8,15.1,7.0,Spanish,,
Lithuania,l0udly,Ramboot Club,RBT,Spain,4,Lurker,Viper,Cypher,Killjoy,21,299,298,110,1.0,1.37,187,14.2,14.1,5.2,Spanish,Lithuanian,
Turkey,lauress,Fire Flux Esports,FF,Turkey,5,Anchor,Cypher,Killjoy,Clove,27,480,429,115,1.11,1.38,218,17.7,15.8,4.2,Turkish,,
Austria,litshii,NOM Esports,NOM,East EMEA,7,Anchor,Viper,Sage,Breach,23,325,366,179,0.88,1.37,179,14.1,15.9,7.7,German,,
Turkey,lovers rock,Chipi Chapa's,CHCH,East EMEA,5,Entry,Jett,Yoru,Reyna,13,210,185,56,1.13,1.43,224,16.1,14.2,4.3,Turkish,,
United Kingdom,luca,Metizport,MZP,North EMEA,6,Anchor,Killjoy,KAY/O,Viper,10,158,154,49,1.02,1.34,200,15.8,15.4,4.9,English,,
Germany,luckeRRR,Eintracht Frankfurt,SGE,DACH,3,Lurker,Sage,Yoru,Omen,29,494,458,210,1.07,1.53,219,17.0,15.7,7.2,German,,
Ukraine,luckyMrJ,trashcan,TR,East EMEA,4,Anchor,Viper,Cypher,Sage,34,502,452,180,1.11,1.5,202,14.7,13.2,5.2,Ukrainian,,
Turkey,lurzy0y0,Galakticos,GAL,Turkey,3,Lurker,Omen,Breach,Cypher,35,543,519,212,1.04,1.45,193,15.5,14.8,6.0,Turkish,,
France,lux9,ZERANCE,ZER,France,3,Entry,Raze,Jett,Yoru,26,449,393,90,1.14,1.37,236,17.2,15.1,3.4,French,,
Russia,m4xikk,FALKE ESPORTS,FLK,Spain,6,Smoker,Viper,Omen,KAY/O,17,219,256,82,0.85,1.17,183,12.8,15.0,4.8,Spanish,Russian,
Poland,maniek,Barça eSports,BAR,Spain,1,Entry,Raze,Neon,Yoru,24,408,363,83,1.12,1.35,230,17.0,15.1,3.4,Spanish,Polish,
Romania,melo,Metizport,MZP,North EMEA,6,Recon,Fade,Sova,Gekko,17,231,265,121,0.87,1.32,173,13.5,15.5,7.1,Romanian,,
France,memset,Solary,SLY,France,7,Anchor,Cypher,Killjoy,Viper,19,300,307,66,0.97,1.19,191,15.7,16.1,3.4,French,,
Russia,mezoky,RTZN,RTZN,Italy,7,Lurker,Viper,Cypher,Killjoy,13,181,207,58,0.87,1.15,196,13.9,15.9,4.4,Italian,Russian,
France,mikee,Joblife,JL,France,1,Lurker,Viper,Killjoy,Cypher,25,317,310,110,1.02,1.37,175,12.6,12.4,4.4,French,,
Spain,mober,FIVE Media Clan,FIVE,Spain,5,Anchor,Killjoy,Cypher,,17,228,245,48,0.93,1.12,178,13.4,14.4,2.8,Spanish,,
Spain,mochi,Ex0Tik Gaming,EX0,Portugal,3,Lurker,Omen,Raze,Cypher,19,251,261,68,0.96,1.22,198,13.2,13.7,3.5,Spanish,,
Turkey,mojj,Eternal Fire,EF,Turkey,9,Anchor,Killjoy,Deadlock,Cypher,21,301,311,80,0.96,1.22,187,14.3,14.8,3.8,Turkish,,
Russia,moner,R8 Esports,R8,Levant and North Africa,1,Anchor,Cypher,Killjoy,,40,554,496,147,1.11,1.41,189,13.8,12.4,3.6,Russian,,
Poland,msh,Incognito,INCO,East EMEA,9,Anchor,Killjoy,Cypher,Raze,21,330,319,61,1.03,1.22,202,15.7,15.1,2.9,Polish,,
Germany,murii,SK Gaming,SK,DACH,7,Lurker,Cypher,Viper,Omen,20,276,321,77,0.85,1.09,181,13.8,16.0,3.8,German,,
Germany,musashi,Acend,ACE,East EMEA,3,Recon,Gekko,Fade,Sova,36,524,528,194,0.99,1.35,187,14.5,14.6,5.3,German,,
Turkey,musz3kk,Eternal Fire,EF,Turkey,9,Entry,Jett,Gekko,Omen,10,124,166,45,0.74,1.01,167,12.4,16.6,4.5,Turkish,,
Portugal,nasK,FTW LEÇA FC,FXL,Portugal,8,Entry,Neon,Sova,,2,34,35,14,0.97,1.37,220,17.0,17.5,7.0,Portuguese,Mirandese,
Spain,neptuNo,ZETA (Spanish team),ZETA,Spain,7,Smoker,Omen,Sova,Breach,14,191,201,129,0.95,1.59,206,13.6,14.3,9.2,Spanish,,
Israel,nero,NOM Esports,NOM,East EMEA,7,Recon,Sova,Fade,Skye,23,309,359,166,0.86,1.32,167,13.4,15.6,7.2,Hebrew,,
Ukraine,niwt,Imperium Gaming,IMP,Spain,8,Entry,Reyna,Jett,Yoru,8,126,121,45,1.04,1.41,217,15.7,15.1,5.6,Spanish,Ukrainian,
Finland,nixoon,OnlyFins,OF,North EMEA,4,Smoker,Omen,Viper,Clove,27,347,443,205,0.78,1.24,180,12.8,16.4,7.5,Finnish,Swedish,
Bulgaria,nk4y,Skulls Esports,SKUL,Levant and North Africa,8,Flex,Raze,Chamber,Gekko,9,114,132,21,0.86,1.02,190,12.6,14.6,2.3,Bulgarian,,
Portugal,noheart,Hurricane Of Feathers,HOF,Portugal,6,Entry,Jett,Raze,,14,223,217,47,1.02,1.24,225,15.9,15.5,3.3,Portuguese,Mirandese,
Poland,nyczu,ESC Gaming,ESC,East EMEA,10,Anchor,Killjoy,Cypher,,22,291,351,90,0.82,1.08,168,13.2,15.9,4.0,Polish,,
Germany,obnoks,MOUZ,MOUZ,DACH,1,Recon,Sova,Gekko,Fade,38,606,587,234,1.03,1.43,197,15.9,15.4,6.1,German,,
United Kingdom,otom,HGE Esports,HE,Italy,4,Entry,Yoru,Neon,Jett,3,49,51,21,0.96,1.37,201,16.3,17.0,7.0,Italian,English,
Russia,pa1ka,DVM,DVM,France,8,Anchor,Cypher,Viper,Killjoy,19,245,264,93,0.92,1.28,176,12.8,13.8,4.8,French,Russian,
Russia,pashapain666,Skulls Esports,SKUL,Levant and North Africa,8,Smoker,Omen,Viper,Astra,24,258,345,113,0.74,1.07,162,10.7,14.3,4.7,Russian,,
Portugal,pdr,Impulse Gaming Warriors,IGW,Portugal,4,Flash,KAY/O,Viper,Breach,18,239,232,165,1.03,1.74,186,13.2,12.8,9.1,Portuguese,Mirandese,
Argentina,pika,Imperium Gaming,IMP,Spain,8,Flash,Gekko,Fade,Skye,14,159,211,88,0.75,1.17,153,11.3,15.0,6.2,Spanish,,
Italy,pityth,Outplayed,OP,Italy,3,Anchor,Killjoy,Cypher,,7,102,101,21,1.0,1.21,177,14.5,14.4,3.0,Italian,,
Saudi Arabia,potato484,Dragons Esports,DRGN,GCC and Iraq,7,Recon,Viper,Sova,Fade,14,181,210,74,0.86,1.21,180,12.9,15.0,5.2,Arabic,,
Estonia,pyrolll,Acend,ACE,East EMEA,3,Smoker,Omen,Viper,Astra,36,526,500,229,1.05,1.51,191,14.6,13.8,6.3,Estonian,,
Serbia,qpert,SK Gaming,SK,DACH,7,Smoker,Omen,Astra,Viper,20,223,298,172,0.74,1.32,147,11.1,14.9,8.6,Serbian,,
Germany,quantumrino,Permitta Unicorns,PXU,DACH,8,Entry,Raze,Jett,Chamber,20,344,356,73,0.96,1.17,234,17.2,17.8,3.6,German,,
Turkey,qw1,Fire Flux Esports,FF,Turkey,5,Entry,Raze,Jett,Neon,16,279,239,45,1.16,1.35,239,17.4,14.9,2.8,Turkish,,
Poland,qxv,ESC Gaming,ESC,East EMEA,10,Recon,Sova,Fade,Skye,22,315,362,134,0.87,1.24,177,14.3,16.4,6.0,Polish,,
Sweden,ralle,Skulls Esports,SKUL,Levant and North Africa,8,Recon,KAY/O,Jett,,6,66,91,50,0.72,1.27,164,11.0,15.1,8.3,Swedish,,
Portugal,raxtazzz,FTW LEÇA FC,FXL,Portugal,8,Smoker,Jett,Omen,Brimstone,9,107,152,44,0.7,0.99,158,11.8,16.8,4.8,Portuguese,Mirandese,
Russia,rexxtoned,RTZN,RTZN,Italy,7,Smoker,Omen,Brimstone,Killjoy,13,200,197,66,1.01,1.35,211,15.3,15.1,5.0,Italian,Russian,
Saudi Arabia,rezy,Underground Gaming,UG,GCC and Iraq,3,Recon,Sova,Skye,Breach,27,318,380,190,0.83,1.33,164,11.7,14.0,7.0,Arabic,,
Denmark,ri4d,Formulation Gaming,FMG,North EMEA,7,Flash,KAY/O,Breach,Killjoy,17,285,267,150,1.06,1.62,216,16.7,15.7,8.8,Danish,English,
Portugal,rlzy,FTW LEÇA FC,FXL,Portugal,8,Entry,Viper,Jett,Raze,8,119,129,28,0.92,1.13,203,14.8,16.1,3.5,Portuguese,Mirandese,
France,rodeN,Cicadas Gaming,CG,France,5,Flash,Breach,KAY/O,Skye,18,231,275,161,0.84,1.42,182,12.8,15.2,8.9,French,,
Turkey,russ,S2G Esports,S2G,Turkey,7,Entry,Raze,Gekko,Fade,24,363,394,87,0.92,1.14,190,15.1,16.4,3.6,Turkish,,
Poland,saiko,Ramboot Club,RBT,Spain,4,Entry,Sova,Neon,Jett,13,151,198,59,0.76,1.06,151,11.6,15.2,4.5,Spanish,Polish,
Austria,samed,Fenerbahçe Esports,FB,Turkey,10,Entry,Jett,Raze,Yoru,5,37,87,16,0.42,0.6,128,7.4,17.4,3.2,Turkish,German,
Egypt,sand,Team Falcons,FLC,Middle East and North Africa,1,Anchor,Cypher,Viper,Harbor,10,156,136,41,1.14,1.44,190,15.6,13.6,4.1,Arabic,,
Turkey,sh1va,İstanbul Wildcats,IW,Turkey,8,Anchor,Cypher,Killjoy,,21,288,288,60,1.0,1.2,178,13.7,13.7,2.8,Turkish,,
Egypt,shalaby,Team RA'AD,RAAD,Levant and North Africa,2,Anchor,Cypher,Killjoy,Viper,37,544,544,155,1.0,1.28,191,14.7,14.7,4.1,Arabic,,
Germany,shiio,Permitta Unicorns,PXU,DACH,8,Smoker,Omen,Viper,Neon,12,159,187,79,0.85,1.27,162,13.2,15.5,6.5,German,,
Hungary,shinnok,Outplayed,OP,Italy,3,Anchor,Cypher,Killjoy,Viper,11,154,150,36,1.02,1.26,188,14.0,13.6,3.2,Italian,Hungarian,
Pakistan,shooterR,Fraggerz,FRG,GCC and Iraq,5,Entry,Raze,Jett,Sage,26,352,416,114,0.84,1.12,194,13.5,16.0,4.3,English,Urdu,
Germany,shy,ESC Gaming,ESC,East EMEA,10,Entry,Jett,Raze,Yoru,22,381,388,68,0.98,1.15,218,17.3,17.6,3.0,German,,
Russia,sibeastw0w,NASR Esports,NASR,Levant and North Africa,3,Entry,Raze,Jett,Yoru,33,583,441,183,1.32,1.73,265,17.6,13.3,5.5,Russian,,
Russia,sickrey,R8 Esports,R8,Levant and North Africa,1,Recon,Skye,Sova,Gekko,40,597,479,371,1.24,2.02,203,14.9,11.9,9.2,Russian,,
Italy,sihw,HGE Esports,HE,Italy,4,Anchor,Killjoy,Viper,Cypher,12,155,168,38,0.92,1.14,171,12.9,14.0,3.1,Italian,,
Portugal,silentj,PPP,PPP,Portugal,2,Anchor,Cypher,Killjoy,Viper,24,338,298,105,1.13,1.48,201,14.0,12.4,4.3,Portuguese,Mirandese,
Turkey,skyLeN,SuperMassive Esports,SUP,Turkey,6,Flash,KAY/O,Deadlock,Breach,29,454,406,266,1.11,1.77,205,15.6,14.0,9.1,Turkish,,
Portugal,skypzz,Hurricane Of Feathers,HOF,Portugal,6,Lurker,Killjoy,Omen,Brimstone,14,184,206,87,0.89,1.31,182,13.1,14.7,6.2,Portuguese,Mirandese,
Portugal,slender,FTW LEÇA FC,FXL,Portugal,8,Lurker,Viper,Killjoy,,7,120,111,37,1.08,1.41,204,17.1,15.8,5.2,Portuguese,Mirandese,
Poland,snikk,Zero Tenacity,Z10,East EMEA,8,Recon,Sova,Skye,Fade,22,319,349,130,0.91,1.28,185,14.5,15.8,5.9,Polish,,
Turkey,sociablEE,Fire Flux Esports,FF,Turkey,5,Recon,Sova,Breach,Fade,26,455,378,202,1.2,1.73,228,17.5,14.5,7.7,Turkish,,
France,soren,Akroma,AKR,France,6,Entry,Jett,Raze,Neon,18,253,309,62,0.81,1.01,186,14.0,17.1,3.4,French,,
United Kingdom,soulcas,Apeks,APK,North EMEA,1,Recon,KAY/O,Sova,Viper,22,318,268,178,1.18,1.85,214,14.4,12.1,8.0,English,,
Poland,starki,MOUZ,MOUZ,DACH,1,Smoker,Omen,Brimstone,Astra,38,605,563,324,1.07,1.65,199,15.9,14.8,8.5,Polish,,
Portugal,starkk,NOVO Esports,NOVO,Italy,2,Smoker,Viper,Omen,Astra,22,286,244,145,1.17,1.76,196,13.0,11.0,6.5,Italian,Portuguese,Mirandese
Russia,stepa,FUZOS,FUZO,Portugal,7,Entry,Raze,Jett,Neon,9,167,170,36,0.98,1.19,233,18.5,18.8,4.0,Russian,,
United Kingdom,stike,Metizport,MZP,North EMEA,6,Smoker,Omen,Viper,Astra,4,53,73,15,0.72,0.93,159,13.2,18.2,3.7,English,,
Germany,stolen,Apinaorkesteri,APE,North EMEA,8,Anchor,Killjoy,Cypher,Viper,6,80,99,25,0.8,1.06,174,13.3,16.5,4.1,German,,
Ukraine,stonezy,FALKE ESPORTS,FLK,Spain,6,Entry,Jett,Raze,Yoru,17,266,243,54,1.09,1.31,216,15.6,14.2,3.1,Spanish,Ukrainian,
Saudi Arabia,str1keR,The Ultimates,TU,GCC and Iraq,4,Entry,Omen,Jett,Raze,33,448,493,174,0.9,1.26,184,13.5,14.9,5.2,Arabic,,
Turkey,sturNN,Fenerbahçe Esports,FB,Turkey,10,Smoker,Omen,Viper,Brimstone,21,246,319,121,0.77,1.15,170,11.7,15.1,5.7,Turkish,,
Russia,swagzor,Team Occupy,OPY,Levant and North Africa,6,Entry,Raze,Jett,Yoru,31,552,491,82,1.12,1.29,241,17.8,15.8,2.6,Russian,,
Italy,sword,Outplayed,OP,Italy,3,Recon,Sova,Viper,Skye,20,236,294,143,0.8,1.28,166,11.8,14.7,7.1,Italian,,
Portugal,symoN,Hurricane Of Feathers,HOF,Portugal,6,Smoker,Omen,,,1,9,17,16,0.52,1.47,139,9.0,17.0,16.0,Portuguese,Mirandese,
Italy,syyse,RTZN,RTZN,Italy,7,Flash,Gekko,Sova,Breach,11,154,158,80,0.97,1.48,184,14.0,14.3,7.2,Italian,,
Denmark,szoren,Requiem,RQM,North EMEA,3,Recon,KAY/O,Skye,Fade,29,456,425,198,1.07,1.53,203,15.7,14.6,6.8,Danish,English,
Russia,tellfeenzo,Team Occupy,OPY,Levant and North Africa,6,Anchor,Killjoy,Cypher,Viper,31,450,473,117,0.95,1.19,202,14.5,15.2,3.7,Russian,,
France,thebigfiz,Mandatory,MDR,France,4,Smoker,Viper,Breach,Iso,26,364,363,218,1.0,1.6,191,14.0,13.9,8.3,French,,
Saudi Arabia,tmy,Dragons Esports,DRGN,GCC and Iraq,7,Anchor,Killjoy,Cypher,Chamber,31,402,483,125,0.83,1.09,177,12.9,15.5,4.0,Arabic,,
Germany,treelover,ESC Gaming,ESC,East EMEA,10,Smoker,Omen,Viper,,22,311,359,153,0.86,1.29,182,14.1,16.3,6.9,German,,
Portugal,tripsy,Impulse Gaming Warriors,IGW,Portugal,4,Anchor,Killjoy,Viper,Cypher,18,255,261,73,0.97,1.25,198,14.1,14.5,4.0,Portuguese,Mirandese,
United Arab Emirates,vAgue,Unity Esports,UNT,GCC and Iraq,2,Entry,Jett,Raze,,40,716,612,90,1.16,1.31,235,17.9,15.3,2.2,Arabic,,
Lithuania,vakk,NASR Esports,NASR,Levant and North Africa,3,Anchor,Cypher,Killjoy,Gekko,33,480,415,141,1.15,1.49,204,14.5,12.5,4.2,Lithuanian,,
Kuwait,vlt,Dragons Esports,DRGN,GCC and Iraq,7,Entry,Raze,Jett,Reyna,31,513,502,83,1.02,1.18,220,16.5,16.1,2.6,Arabic,,
Turkey,w0zzip,Fire Flux Esports,FF,Turkey,5,Flash,Gekko,KAY/O,Breach,26,354,382,200,0.92,1.45,177,13.6,14.6,7.6,Turkish,,
United Kingdom,waddle,DSYRE,DSY,Italy,1,Recon,Sova,Skye,Fade,19,280,213,143,1.31,1.98,200,14.7,11.2,7.5,Italian,English,
Poland,westside,Diamant Esports,DIA,East EMEA,2,Anchor,Killjoy,Viper,Sage,39,585,527,162,1.11,1.41,201,15.0,13.5,4.1,Polish,,
Germany,xJini,ALTERNATE aTTaX,ATN,DACH,5,Smoker,Omen,Viper,Brimstone,27,346,374,201,0.92,1.46,180,12.8,13.8,7.4,German,,
Poland,xad,Axolotl,AXL,Italy,8,Entry,Raze,,,3,45,56,14,0.8,1.05,178,15.0,18.6,4.6,Italian,Polish,
Germany,xanarchy,Eintracht Frankfurt,SGE,DACH,3,Recon,Sova,Gekko,Skye,29,412,432,219,0.95,1.46,178,14.2,14.8,7.5,German,,
Italy,xazyy,Axolotl,AXL,Italy,8,Flash,Breach,Omen,Sova,10,102,167,69,0.61,1.02,147,10.2,16.7,6.9,Italian,,
Kuwait,xelouz,Unity Esports,UNT,GCC and Iraq,2,Flash,Breach,KAY/O,Skye,41,618,565,366,1.09,1.74,195,15.0,13.7,8.9,Arabic,,
Russia,xenon,NASR Esports,NASR,Levant and North Africa,3,Smoker,Omen,Viper,Brimstone,33,437,417,238,1.04,1.61,181,13.2,12.6,7.2,Russian,,
Turkey,xeus,HOWL Esports,HOWL,Turkey,2,Entry,Raze,Jett,,34,719,535,128,1.34,1.58,278,21.1,15.7,3.7,Turkish,,
Poland,xiTsha,Diamant Esports,DIA,East EMEA,2,Flash,Omen,Gekko,KAY/O,39,591,562,253,1.05,1.5,200,15.1,14.4,6.4,Polish,,
Portugal,xini,FUZOS,FUZO,Portugal,7,Flex,Killjoy,Iso,Reyna,10,187,174,31,1.07,1.25,222,18.7,17.4,3.1,Portuguese,Mirandese,
France,xms,DVM,DVM,France,8,Lurker,Omen,Killjoy,Viper,5,57,65,23,0.87,1.23,166,11.4,13.0,4.6,French,,
Poland,xuss,MOUZ,MOUZ,DACH,1,Entry,Raze,Yoru,Jett,38,751,581,122,1.29,1.5,248,19.7,15.2,3.2,Polish,,
South Korea,young,Ex0Tik Gaming,EX0,Portugal,3,Entry,Raze,,,6,76,94,28,0.8,1.1,192,12.6,15.6,4.6,Korean,,
Algeria,zMART,Onyx Ravens,OXR,Levant and North Africa,4,Entry,Raze,Jett,,33,607,509,115,1.19,1.41,245,18.3,15.4,3.4,Arabic,French,
Italy,zShoxy,RTZN,RTZN,Italy,7,Entry,Jett,,,1,9,18,2,0.5,0.61,131,9.0,18.0,2.0,Italian,,
Portugal,zePiCzz,Hurricane Of Feathers,HOF,Portugal,6,Recon,Sova,Gekko,,14,212,193,74,1.09,1.48,211,15.1,13.7,5.2,Portuguese,Mirandese,
Belarus,zeddy,KPI Gaming,KPI,EMEA Playins,2,Smoker,Omen,Gekko,Brimstone,10,120,145,81,0.82,1.38,172,12.0,14.5,8.1,Russian,Belarusian,
Poland,zeek,GoNext Esports,GN,East EMEA,1,Recon,Sova,KAY/O,Skye,31,454,397,266,1.14,1.81,211,14.6,12.8,8.5,Polish,,
Germany,zery,XPERION NXT,NXT,DACH,9,Entry,Raze,Jett,Yoru,20,341,354,85,0.96,1.2,223,17.0,17.7,4.2,German,,
