country,sub_region,language_1,language_2,language_3,ign,team_role,igl,standings,team_name_full,shorthand,agent_1,agent_2,agent_3,maps,k,d,a,kd,kda,acs_per_map,k_per_map,d_per_map,a_per_map
Mongolia,Hong Kong and Taiwan,Mandarin,Khalkha Mongol,,123,Flex,FALSE,3rd,Team Kobolds,KBLD,Jett,Raze,Neon,29,526,508,102,1.03,1.23,230,18.1,17.5,3.5
Mongolia,Hong Kong and Taiwan,Mandarin,Khalkha Mongol,,Answerz,Anchor,FALSE,3rd,Team Kobolds,KBLD,Killjoy,Cypher,Viper,29,483,469,130,1.02,1.3,213,16.6,16.1,4.4
Taiwan,Hong Kong and Taiwan,Mandarin,,,Awei,Anchor,FALSE,5th-6th,ROA,ROA,Cypher,Phoenix,Killjoy,17,261,279,84,0.93,1.23,199,15.3,16.4,4.9
Taiwan,Hong Kong and Taiwan,Mandarin,,,B1ngXun,Anchor,FALSE,4th,Five Ace e-Sports,FA,Killjoy,Cypher,Viper,24,324,348,99,0.93,1.21,185,13.5,14.5,4.1
Mongolia,Hong Kong and Taiwan,Mandarin,Khalkha Mongol,,BE,Support,FALSE,3rd,Team Kobolds,KBLD,Skye,Omen,Sova,29,385,462,191,0.83,1.24,163,13.2,15.9,6.5
International,Hong Kong and Taiwan,Mandarin,English,,Boyi,Flex,FALSE,8th,Da Feng Gou,DFG,Omen,Viper,Brimstone,16,194,258,135,0.75,1.27,161,12.1,16.1,8.4
International,Hong Kong and Taiwan,Mandarin,English,,Bubble,Entry,FALSE,8th,Da Feng Gou,DFG,Jett,,,2,26,34,4,0.76,0.88,182,13,17,2
Hong Kong,Hong Kong and Taiwan,Mandarin,Cantonese,English,CHIMEI,Flex,FALSE,1st,Oblivion Force,OF,Skye,KAY/O,Fade,29,339,389,290,0.87,1.61,168,11.6,13.4,10
Taiwan,Hong Kong and Taiwan,Mandarin,,,Cangshu,Support,FALSE,4th,Five Ace e-Sports,FA,Neon,KAY/O,Skye,12,159,195,87,0.81,1.26,186,13.2,16.2,7.2
Taiwan,Hong Kong and Taiwan,Mandarin,,,Dizzy,Support,FALSE,7th,Hungkuang Falcon,HKUF,Omen,Gekko,Sova,15,217,247,101,0.87,1.28,193,14.4,16.4,6.7
Taiwan,Hong Kong and Taiwan,Mandarin,,,Ethan1,Anchor,FALSE,5th-6th,PAPA Esports,PAPA,Killjoy,Cypher,Reyna,22,297,321,79,0.92,1.17,194,13.5,14.5,3.5
Hong Kong,Hong Kong and Taiwan,Mandarin,Cantonese,English,GGHuiii,Sage,FALSE,1st,Oblivion Force,OF,Chamber,,,1,32,22,7,1.45,1.77,255,32,22,7
Taiwan,Hong Kong and Taiwan,Mandarin,,,GunterR,Smoker,FALSE,7th,Hungkuang Falcon,HKUF,Viper,Omen,Skye,15,225,245,114,0.91,1.38,193,15,16.3,7.6
Taiwan,Hong Kong and Taiwan,Mandarin,,,KiN0,Smoker,FALSE,2nd,ONE Team,ONE,Brimstone,Viper,,4,59,64,27,0.92,1.34,177,14.7,16,6.7
Hong Kong,Hong Kong and Taiwan,Mandarin,Cantonese,English,Kiuuuu,Smoker,FALSE,1st,Oblivion Force,OF,Omen,Viper,,28,450,374,198,1.2,1.73,214,16,13.3,7
Taiwan,Hong Kong and Taiwan,Mandarin,,,N11,Flex,FALSE,5th-6th,PAPA Esports,PAPA,KAY/O,Sova,Gekko,22,307,324,155,0.94,1.42,196,13.9,14.7,7
Taiwan,Hong Kong and Taiwan,Mandarin,,,Nasty,Entry,FALSE,5th-6th,PAPA Esports,PAPA,Jett,Raze,Cypher,20,373,308,63,1.21,1.41,255,18.6,15.4,3.1
Mongolia,Hong Kong and Taiwan,Mandarin,Khalkha Mongol,,Orgil,Flex,FALSE,3rd,Team Kobolds,KBLD,Breach,KAY/O,Sova,29,407,490,225,0.83,1.28,185,14,16.8,7.7
Taiwan,Hong Kong and Taiwan,Mandarin,,,Popoman4Q,Smoker,FALSE,5th-6th,PAPA Esports,PAPA,Sova,Viper,Omen,22,255,299,167,0.85,1.41,166,11.5,13.5,7.5
Taiwan,Hong Kong and Taiwan,Mandarin,,,QueYa,Flex,FALSE,5th-6th,ROA,ROA,Gekko,Sova,Skye,18,220,308,123,0.71,1.11,163,12.2,17.1,6.8
Taiwan,Hong Kong and Taiwan,Mandarin,,,Rainy,Support,FALSE,2nd,ONE Team,ONE,Fade,Omen,Gekko,27,367,352,213,1.04,1.64,178,13.5,13,7.8
Taiwan,Hong Kong and Taiwan,Mandarin,,,S1Mon,Entry,FALSE,5th-6th,PAPA Esports,PAPA,Omen,Iso,Jett,13,234,184,90,1.27,1.76,244,18,14.1,6.9
Taiwan,Hong Kong and Taiwan,Mandarin,,,SFVV,Support,FALSE,5th-6th,ROA,ROA,Breach,,,1,12,14,11,0.85,1.64,170,12,14,11
Taiwan,Hong Kong and Taiwan,Mandarin,,,SecreT3,Flex,FALSE,2nd,ONE Team,ONE,Omen,Sova,,13,165,183,64,0.9,1.25,176,12.6,14,4.9
International,Hong Kong and Taiwan,Mandarin,English,,Selin,Flex,FALSE,8th,Da Feng Gou,DFG,Killjoy,Jett,KAY/O,14,204,225,76,0.9,1.24,200,14.5,16,5.4
International,Hong Kong and Taiwan,Mandarin,English,,Sheny9,Anchor,FALSE,8th,Da Feng Gou,DFG,Killjoy,Viper,Cypher,16,197,259,66,0.76,1.01,163,12.3,16.1,4.1
Taiwan,Hong Kong and Taiwan,Mandarin,,,ShuXz,Entry,FALSE,5th-6th,PAPA Esports,PAPA,Reyna,Omen,Raze,11,140,168,65,0.83,1.22,181,12.7,15.2,5.9
Taiwan,Hong Kong and Taiwan,Mandarin,,,SpiritZ,Flex,FALSE,4th,Five Ace e-Sports,FA,Jett,Raze,Iso,24,488,406,86,1.2,1.41,276,20.3,16.9,3.5
Taiwan,Hong Kong and Taiwan,Mandarin,,,Tsanyu,Entry,FALSE,7th,Hungkuang Falcon,HKUF,Jett,Raze,,15,267,255,55,1.04,1.26,229,17.8,17,3.6
Taiwan,Hong Kong and Taiwan,Mandarin,,,Unhappy,Flex,FALSE,7th,Hungkuang Falcon,HKUF,Killjoy,Cypher,Deadlock,15,246,224,39,1.09,1.27,206,16.4,14.9,2.6
Hong Kong,Hong Kong and Taiwan,Mandarin,Cantonese,English,Uta,Flex,FALSE,1st,Oblivion Force,OF,Jett,Cypher,Omen,29,519,377,144,1.37,1.75,240,17.8,13,4.9
Taiwan,Hong Kong and Taiwan,Mandarin,,,W1nner,Anchor,FALSE,2nd,ONE Team,ONE,Killjoy,Cypher,Sova,27,428,395,118,1.08,1.38,205,15.8,14.6,4.3
Taiwan,Hong Kong and Taiwan,Mandarin,,,Weber,Flex,FALSE,4th,Five Ace e-Sports,FA,Sova,Fade,KAY/O,12,150,180,90,0.83,1.33,173,12.5,15,7.5
Taiwan,Hong Kong and Taiwan,Mandarin,,,XiaoFeng,Entry,FALSE,5th-6th,ROA,ROA,Raze,Jett,Clove,18,263,331,83,0.79,1.04,204,14.6,18.3,4.6
Taiwan,Hong Kong and Taiwan,Mandarin,,,XyuS,Flex,FALSE,2nd,ONE Team,ONE,Raze,Jett,Neon,27,529,383,99,1.38,1.63,259,19.5,14.1,3.6
Taiwan,Hong Kong and Taiwan,Mandarin,,,YanLi,Support,FALSE,2nd,ONE Team,ONE,KAY/O,Viper,Breach,27,430,375,234,1.14,1.77,212,15.9,13.8,8.6
International,Hong Kong and Taiwan,Mandarin,English,,Youjun,Flex,FALSE,8th,Da Feng Gou,DFG,Sova,Fade,Breach,16,248,253,108,0.98,1.4,217,15.5,15.8,6.7
International,Hong Kong and Taiwan,Mandarin,English,,Youze,Entry,FALSE,8th,Da Feng Gou,DFG,Raze,Jett,KAY/O,16,247,255,93,0.96,1.33,207,15.4,15.9,5.8
Taiwan,Hong Kong and Taiwan,Mandarin,,,Yoyoman,Support,FALSE,7th,Hungkuang Falcon,HKUF,Gekko,Fade,Raze,15,212,241,106,0.87,1.31,180,14.1,16,7
Taiwan,Hong Kong and Taiwan,Mandarin,,,Zhannn,Flex,FALSE,5th-6th,ROA,ROA,Astra,Viper,Omen,18,307,270,132,1.13,1.62,216,17,15,7.3
Hong Kong,Hong Kong and Taiwan,Mandarin,Cantonese,English,coconut,Flex,FALSE,1st,Oblivion Force,OF,Cypher,Gekko,Viper,29,476,386,165,1.23,1.66,219,16.4,13.3,5.6
Mongolia,Hong Kong and Taiwan,Mandarin,Khalkha Mongol,,nex1,Smoker,FALSE,3rd,Team Kobolds,KBLD,Omen,KAY/O,Brimstone,29,472,447,265,1.05,1.64,204,16.2,15.4,9.1
Taiwan,Hong Kong and Taiwan,Mandarin,,,ngk,Flex,FALSE,2nd,ONE Team,ONE,Omen,Iso,Yoru,10,154,154,70,1,1.45,186,15.4,15.4,7
Taiwan,Hong Kong and Taiwan,Mandarin,,,rAb1q,Support,FALSE,4th,Five Ace e-Sports,FA,Sova,Omen,Breach,24,322,355,165,0.9,1.37,190,13.4,14.7,6.8
Hong Kong,Hong Kong and Taiwan,Mandarin,Cantonese,English,riyabtw,Entry,FALSE,1st,Oblivion Force,OF,Raze,Jett,,29,526,412,95,1.27,1.5,245,18.1,14.2,3.2
Taiwan,Hong Kong and Taiwan,Mandarin,,,roud,Smoker,FALSE,4th,Five Ace e-Sports,FA,Omen,Viper,Chamber,24,290,370,191,0.78,1.3,165,12,15.4,7.9
Taiwan,Hong Kong and Taiwan,Mandarin,,,yZkA1,Smoker,FALSE,5th-6th,ROA,ROA,Omen,Reyna,Brimstone,18,278,321,103,0.86,1.18,197,15.4,17.8,5.7
Indonesia,Indonesia,Indonesian,,,BerserX,Anchor,FALSE,1st,BOOM Esports,BME,Killjoy,Cypher,,28,395,338,152,1.16,1.61,194,14.1,12,5.4
Indonesia,Indonesia,Indonesian,,,BudimeisteR,Smoker,FALSE,4th,Bigetron Arctic,BTR,Omen,Viper,,22,317,327,167,0.96,1.48,196,14.4,14.8,7.5
Indonesia,Indonesia,Indonesian,,,Cud,Anchor,TRUE,2nd,Alter Ego,AE,Cypher,Viper,Killjoy,26,391,340,125,1.14,1.51,201,15,13,4.8
Indonesia,Indonesia,Indonesian,,,Eeyore,Anchor,FALSE,8th,Le Crapaud,LCR,Killjoy,Cypher,Omen,11,163,177,56,0.92,1.23,200,14.8,16,5
Indonesia,Indonesia,Indonesian,,,Flynch,Entry,FALSE,5th-6th,THE HERO DETA,THD,Jett,Raze,Skye,24,359,355,81,1.01,1.23,213,14.9,14.7,3.3
Indonesia,Indonesia,Indonesian,,,Iceyyy,Entry,FALSE,7th,DIS Esports,DIS,Raze,Jett,,7,110,110,20,1,1.18,221,15.7,15.7,2.8
Indonesia,Indonesia,Indonesian,,,Jefz,Entry,FALSE,5th-6th,Cynical,CNL,Raze,Jett,,20,296,309,87,0.95,1.23,220,14.8,15.4,4.3
Indonesia,Indonesia,Indonesian,,,Kneeke,Support,FALSE,5th-6th,Cynical,CNL,Fade,,,1,8,14,7,0.57,1.07,129,8,14,7
Indonesia,Indonesia,Indonesian,,,Kuroza,Smoker,FALSE,8th,Le Crapaud,LCR,Omen,Cypher,Viper,15,171,232,117,0.73,1.24,150,11.4,15.4,7.8
Indonesia,Indonesia,Indonesian,,,Kush,Flex,FALSE,2nd,Alter Ego,AE,Gekko,KAY/O,Skye,26,438,379,190,1.15,1.65,233,16.8,14.5,7.3
Indonesia,Indonesia,Indonesian,,,Kylee,Anchor,FALSE,3rd,ARF TEAM,ARF,Cypher,Killjoy,Viper,23,375,331,78,1.13,1.36,216,16.3,14.3,3.3
Indonesia,Indonesia,Indonesian,,,Lilo,Flex,FALSE,4th,Bigetron Arctic,BTR,Raze,Jett,Neon,22,348,370,81,0.94,1.15,221,15.8,16.8,3.6
Indonesia,Indonesia,Indonesian,,,Madelyn,Flex,FALSE,5th-6th,THE HERO DETA,THD,Sova,Gekko,Fade,24,321,310,166,1.03,1.57,185,13.3,12.9,6.9
Indonesia,Indonesia,Indonesian,,,Nay,Flex,FALSE,5th-6th,Cynical,CNL,Cypher,Sova,Viper,20,247,311,74,0.79,1.03,170,12.3,15.5,3.7
Indonesia,Indonesia,Indonesian,,,NcSlasher,Flex,FALSE,1st,BOOM Esports,BME,KAY/O,Fade,Gekko,28,365,383,288,0.95,1.7,184,13,13.6,10.2
Indonesia,Indonesia,Indonesian,,,No1syboy,Support,FALSE,5th-6th,THE HERO DETA,THD,Breach,Killjoy,KAY/O,24,318,354,151,0.89,1.32,183,13.2,14.7,6.2
Indonesia,Indonesia,Indonesian,,,Nythan,Flex,FALSE,3rd,ARF TEAM,ARF,Breach,Skye,Gekko,23,334,332,156,1,1.47,191,14.5,14.4,6.7
Indonesia,Indonesia,Indonesian,,,PadangRice,Smoker,FALSE,7th,DIS Esports,DIS,Viper,Killjoy,Omen,16,203,242,92,0.83,1.21,189,12.6,15.1,5.7
Indonesia,Indonesia,Indonesian,,,RIZKYMD,Flex,FALSE,8th,Le Crapaud,LCR,KAY/O,Breach,Skye,13,192,213,128,0.9,1.5,195,14.7,16.3,9.8
Indonesia,Indonesia,Indonesian,,,Rapheleen,Support,FALSE,8th,Le Crapaud,LCR,Sova,Raze,Gekko,15,220,251,96,0.87,1.25,201,14.6,16.7,6.4
Indonesia,Indonesia,Indonesian,,,SCar,Flex,FALSE,3rd,ARF TEAM,ARF,Omen,Viper,Brimstone,23,287,324,206,0.88,1.52,170,12.4,14,8.9
Indonesia,Indonesia,Indonesian,,,SEVERiNE,Flex,FALSE,4th,Bigetron Arctic,BTR,KAY/O,Breach,Fade,22,291,333,189,0.87,1.44,183,13.2,15.1,8.5
Indonesia,Indonesia,Indonesian,,,Shiro,Support,FALSE,1st,BOOM Esports,BME,Sova,Breach,Viper,28,486,358,271,1.35,2.11,235,17.3,12.7,9.6
Indonesia,Indonesia,Indonesian,,,ValdyN,Flex,FALSE,2nd,Alter Ego,AE,Breach,KAY/O,Sova,26,398,369,183,1.07,1.57,203,15.3,14.1,7
Singapore,Indonesia,Indonesian,Mandarin,English,ZesBeeW,Flex,FALSE,1st,BOOM Esports,BME,Omen,Viper,Brimstone,28,441,356,296,1.23,2.07,208,15.7,12.7,10.5
Indonesia,Indonesia,Indonesian,,,aderrr,Anchor,FALSE,7th,DIS Esports,DIS,Omen,Cypher,Killjoy,16,207,244,71,0.84,1.13,187,12.9,15.2,4.4
Indonesia,Indonesia,Indonesian,,,axeLuvYa,Flex,FALSE,8th,Le Crapaud,LCR,Killjoy,Breach,Omen,6,66,89,29,0.74,1.06,151,11,14.8,4.8
Indonesia,Indonesia,Indonesian,,,damaraa,Entry,FALSE,8th,Le Crapaud,LCR,Jett,Raze,,15,253,263,57,0.96,1.17,227,16.8,17.5,3.8
Indonesia,Indonesia,Indonesian,,,dragy,Smoker,FALSE,5th-6th,Cynical,CNL,Omen,Yoru,Viper,20,256,309,154,0.82,1.32,188,12.8,15.4,7.7
Indonesia,Indonesia,Indonesian,,,famouz,Entry,FALSE,1st,BOOM Esports,BME,Raze,Jett,,28,566,383,134,1.47,1.82,279,20.2,13.6,4.7
Indonesia,Indonesia,Indonesian,,,fausTao,Entry,FALSE,3rd,ARF TEAM,ARF,Raze,Jett,Yoru,23,403,365,94,1.1,1.36,240,17.5,15.8,4
Indonesia,Indonesia,Indonesian,,,frostmind,Anchor,FALSE,4th,Bigetron Arctic,BTR,Killjoy,Cypher,Brimstone,22,324,307,87,1.05,1.33,192,14.7,13.9,3.9
Indonesia,Indonesia,Indonesian,,,gotten,Smoker,FALSE,2nd,Alter Ego,AE,Omen,Killjoy,Brimstone,25,345,331,199,1.04,1.64,189,13.8,13.2,7.9
Indonesia,Indonesia,Indonesian,,,heyNF,Support,FALSE,5th-6th,Cynical,CNL,Breach,Skye,Killjoy,20,271,292,166,0.92,1.49,189,13.5,14.6,8.3
Indonesia,Indonesia,Indonesian,,,k1ngkappa,Anchor,FALSE,5th-6th,THE HERO DETA,THD,Cypher,Viper,Killjoy,24,371,349,113,1.06,1.38,216,15.4,14.5,4.7
Indonesia,Indonesia,Indonesian,,,limitado,Flex,FALSE,7th,DIS Esports,DIS,Gekko,Viper,Yoru,12,147,187,46,0.78,1.03,167,12.2,15.5,3.8
Indonesia,Indonesia,Indonesian,,,mas,Support,FALSE,7th,DIS Esports,DIS,Raze,Sova,Skye,16,195,251,94,0.77,1.15,192,12.1,15.6,5.8
Indonesia,Indonesia,Indonesian,,,naTz,Flex,FALSE,5th-6th,THE HERO DETA,THD,Omen,Viper,Brimstone,24,338,364,159,0.92,1.36,200,14,15.1,6.6
Indonesia,Indonesia,Indonesian,,,ray4c,Entry,FALSE,2nd,Alter Ego,AE,Raze,,,26,386,401,123,0.96,1.26,214,14.8,15.4,4.7
Indonesia,Indonesia,Indonesian,,,reeq,Flex,FALSE,5th-6th,Cynical,CNL,Cypher,Fade,Viper,19,244,285,116,0.85,1.26,188,12.8,15,6.1
Indonesia,Indonesia,Indonesian,,,tupai,Flex,FALSE,7th,DIS Esports,DIS,Sova,Cypher,Chamber,13,144,220,55,0.65,0.9,177,11,16.9,4.2
Indonesia,Indonesia,Indonesian,,,vascalizz,Flex,FALSE,4th,Bigetron Arctic,BTR,Sova,Skye,Gekko,12,174,164,66,1.06,1.46,186,14.5,13.6,5.5
Indonesia,Indonesia,Indonesian,,,woody,Support,FALSE,3rd,ARF TEAM,ARF,Gekko,KAY/O,Reyna,23,375,327,207,1.14,1.77,224,16.3,14.2,9
Japan,Japan,Japanese,,,Aace,Flex,FALSE,1st,Riddle,RID,Viper,Omen,Brimstone,22,374,319,143,1.17,1.62,206,17,14.5,6.5
Japan,Japan,Japanese,,,Absol,Flex,FALSE,4th,Murash gaming,MRSH,Raze,Phoenix,Jett,22,395,366,105,1.07,1.36,238,17.9,16.6,4.7
South Korea,Japan,Japanese,Korean,,Akame,Flex,FALSE,7th,REJECT,RC,Raze,Astra,Killjoy,18,336,312,78,1.07,1.32,241,18.6,17.3,4.3
Japan,Japan,Japanese,,,BRIAN,Flex,FALSE,7th,REJECT,RC,Omen,Gekko,Yoru,18,245,275,123,0.89,1.33,180,13.6,15.2,6.8
Japan,Japan,Japanese,,,Biju,Flex,FALSE,4th,Murash gaming,MRSH,Omen,Brimstone,Viper,22,287,348,159,0.82,1.28,171,13,15.8,7.2
Japan,Japan,Japanese,,,BlackWiz,Smoker,FALSE,5th-6th,VARREL,VL,Viper,Omen,Deadlock,20,256,323,130,0.79,1.19,171,12.8,16.1,6.5
Japan,Japan,Japanese,,,CLZ,Flex,TRUE,2nd,FENNEL,FL,KAY/O,Breach,Gekko,30,440,434,264,1.01,1.62,191,14.6,14.4,8.8
Japan,Japan,Japanese,,,Caedye,Support,FALSE,1st,Riddle,RID,Raze,Sova,Gekko,22,384,340,101,1.12,1.42,221,17.4,15.4,4.5
South Korea,Japan,Japanese,Korean,,Esperanza,Support,FALSE,8th,Northeption,NTH,Skye,Cypher,Gekko,17,268,260,70,1.03,1.3,212,15.7,15.2,4.1
Japan,Japan,Japanese,,,GON,Flex,FALSE,2nd,FENNEL,FL,Omen,Brimstone,Harbor,30,431,429,239,1,1.56,184,14.3,14.3,7.9
South Korea,Japan,Japanese,Korean,,GangPin,Smoker,FALSE,7th,REJECT,RC,Viper,Omen,,18,274,261,147,1.04,1.61,191,15.2,14.5,8.1
South Korea,Japan,Japanese,Korean,,Gwangboong,Entry,FALSE,3rd,Sengoku Gaming,SG,Raze,Jett,Yoru,23,437,366,75,1.19,1.39,242,19,15.9,3.2
Japan,Japan,Japanese,,,HaReeee,Flex,FALSE,8th,Northeption,NTH,Omen,Killjoy,,9,116,140,42,0.82,1.12,156,12.8,15.5,4.6
Japan,Japan,Japanese,,,Hals,Anchor,FALSE,7th,REJECT,RC,Cypher,Killjoy,Jett,18,284,274,96,1.03,1.38,209,15.7,15.2,5.3
South Korea,Japan,Japanese,Korean,,JinboongE,Anchor,FALSE,3rd,Sengoku Gaming,SG,Killjoy,Cypher,Viper,23,372,355,109,1.04,1.35,210,16.1,15.4,4.7
South Korea,Japan,Japanese,Korean,,JoXJo,Flex,TRUE,1st,Riddle,RID,KAY/O,Skye,Breach,21,293,314,219,0.93,1.63,180,13.9,14.9,10.4
South Korea,Japan,Japanese,Korean,,L0B,Flex,FALSE,5th-6th,VARREL,VL,Sova,Gekko,Skye,20,356,275,134,1.29,1.78,229,17.8,13.7,6.7
Russia,Japan,Japanese,Russian,,Lumo,Flex,FALSE,5th-6th,SCARZ,SZ,Breach,KAY/O,Skye,20,296,248,222,1.19,2.08,200,14.8,12.4,11.1
Japan,Japan,Japanese,,,MrTenzouEz,Support,FALSE,5th-6th,SCARZ,SZ,Sova,Gekko,Sage,20,276,276,117,1,1.42,185,13.8,13.8,5.8
Japan,Japan,Japanese,,,Pepper,Flex,FALSE,8th,Northeption,NTH,Sova,Breach,Gekko,8,93,125,29,0.74,0.97,157,11.6,15.6,3.6
Japan,Japan,Japanese,,,Reita,Flex,TRUE,4th,Murash gaming,MRSH,Killjoy,Clove,Skye,22,313,378,106,0.82,1.1,193,14.2,17.1,4.8
South Korea,Japan,Japanese,Korean,,Seoldam,Flex,FALSE,1st,Riddle,RID,Jett,Gekko,Yoru,22,415,326,89,1.27,1.54,235,18.8,14.8,4
Japan,Japan,Japanese,,,SyouTa,Entry,FALSE,2nd,FENNEL,FL,Raze,Jett,Viper,30,538,457,106,1.17,1.4,225,17.9,15.2,3.5
Japan,Japan,Japanese,,,TENNN,Anchor,FALSE,2nd,FENNEL,FL,Cypher,Killjoy,Viper,30,426,464,100,0.91,1.13,175,14.2,15.4,3.3
Japan,Japan,Japanese,,,Tempura,Smoker,FALSE,8th,Northeption,NTH,Viper,Omen,Cypher,17,208,279,85,0.74,1.05,169,12.2,16.4,5
Japan,Japan,Japanese,,,Tonbo,Support,FALSE,4th,Murash gaming,MRSH,Sova,Gekko,Cypher,22,317,344,99,0.92,1.2,187,14.4,15.6,4.5
South Korea,Japan,Japanese,Korean,,Wolverine,Entry,FALSE,8th,Northeption,NTH,Jett,Raze,Yoru,17,236,293,58,0.8,1,190,13.8,17.2,3.4
Japan,Japan,Japanese,,,Xdll,Support,FALSE,2nd,FENNEL,FL,Sova,Fade,Sage,30,497,478,168,1.03,1.39,222,16.5,15.9,5.6
Philippines,Japan,Japanese,Filipino,English,Yoshiii,Anchor,FALSE,5th-6th,SCARZ,SZ,Killjoy,Cypher,Viper,20,319,281,71,1.13,1.38,209,15.9,14,3.5
Japan,Japan,Japanese,,,Yotaa,Entry,FALSE,5th-6th,SCARZ,SZ,Raze,Jett,Viper,20,366,312,75,1.17,1.41,255,18.3,15.6,3.7
Japan,Japan,Japanese,,,gatorada,Flex,FALSE,3rd,Sengoku Gaming,SG,Omen,Brimstone,Viper,23,268,353,251,0.75,1.47,160,11.6,15.3,10.9
South Korea,Japan,Japanese,Korean,,kAyle,Entry,FALSE,5th-6th,VARREL,VL,Raze,Cypher,Reyna,20,306,320,97,0.95,1.25,215,15.3,16,4.8
Japan,Japan,Japanese,,,million,Support,FALSE,4th,Murash gaming,MRSH,Sage,KAY/O,Breach,22,309,344,233,0.89,1.57,193,14,15.6,10.5
Japan,Japan,Japanese,,,misaya,Support,TRUE,3rd,Sengoku Gaming,SG,KAY/O,Viper,Breach,23,308,359,206,0.85,1.43,175,13.3,15.6,8.9
Japan,Japan,Japanese,,,muto,Flex,FALSE,7th,REJECT,RC,Fade,Sova,Skye,18,279,264,168,1.05,1.69,201,15.5,14.6,9.3
Japan,Japan,Japanese,,,nobita,Flex,FALSE,3rd,Sengoku Gaming,SG,Sova,Fade,Gekko,23,385,360,134,1.06,1.44,213,16.7,15.6,5.8
Japan,Japan,Japanese,,,thiefy,Support,FALSE,8th,Northeption,NTH,Raze,KAY/O,Breach,17,252,272,95,0.92,1.27,211,14.8,16,5.5
Australia,Japan,Japanese,English,,tixx,Flex,FALSE,5th-6th,SCARZ,SZ,Omen,Viper,Brimstone,20,266,279,195,0.95,1.65,183,13.3,13.9,9.7
Japan,Japan,Japanese,,,xnfri,Flex,FALSE,5th-6th,VARREL,VL,Raze,Deadlock,Sova,20,275,302,108,0.91,1.26,183,13.7,15.1,5.4
Japan,Japan,Japanese,,,yatsuka,Anchor,FALSE,1st,Riddle,RID,Omen,Killjoy,Cypher,22,328,311,131,1.05,1.47,182,14.9,14.1,5.9
Japan,Japan,Japanese,,,zepher,Anchor,FALSE,5th-6th,VARREL,VL,Killjoy,Cypher,Omen,20,283,303,81,0.93,1.2,192,14.1,15.1,4
Singapore,Malaysia and Singapore,English,Malay,Mandarin,Adept,Support,FALSE,8th,PDF,PDF,Sova,Breach,Killjoy,13,138,205,69,0.67,1,145,10.6,15.7,5.3
Singapore,Malaysia and Singapore,English,Malay,Mandarin,Divine,Flex,FALSE,4th,LaZe,LZE,Omen,Viper,Brimstone,25,374,335,183,1.11,1.66,196,14.9,13.4,7.3
Malaysia,Malaysia and Singapore,English,Malay,,Ender,Entry,FALSE,5th-6th,Kizuna Esports,KZ,Raze,Jett,Sage,10,134,171,36,0.78,0.99,191,13.4,17.1,3.6
Malaysia,Malaysia and Singapore,English,Malay,,Fixy,Entry,FALSE,2nd,Reve Drift Arena,RDA,Raze,Jett,Chamber,32,571,559,135,1.02,1.26,221,17.8,17.4,4.2
France,Malaysia and Singapore,English,Malay,French,Flaring,Flex,FALSE,3rd,Elevate (American team),ELV,Omen,Brimstone,Viper,26,365,375,237,0.97,1.6,191,14,14.4,9.1
Singapore,Malaysia and Singapore,English,Malay,Mandarin,Impecunity,Anchor,FALSE,5th-6th,NEXGA,NXGA,Killjoy,Cypher,Viper,19,298,269,61,1.1,1.33,208,15.6,14.1,3.2
Singapore,Malaysia and Singapore,English,Malay,Mandarin,Interline,Entry,FALSE,7th,Ninjas in Galaxy,NG,Reyna,Jett,Cypher,4,50,67,20,0.74,1.04,174,12.5,16.7,5
Singapore,Malaysia and Singapore,English,Malay,Mandarin,Kairo,Support,FALSE,5th-6th,Kizuna Esports,KZ,Breach,KAY/O,,3,46,53,37,0.86,1.56,206,15.3,17.6,12.3
Singapore,Malaysia and Singapore,English,Malay,Mandarin,Kenji,Anchor,FALSE,4th,LaZe,LZE,Cypher,Killjoy,Brimstone,25,329,359,114,0.91,1.23,170,13.1,14.3,4.5
Brunei,Malaysia and Singapore,English,Malay,,Mojo,Flex,FALSE,5th-6th,NEXGA,NXGA,Breach,Skye,Sova,19,193,283,183,0.68,1.32,147,10.1,14.8,9.6
Malaysia,Malaysia and Singapore,English,Malay,,Moosey,Flex,FALSE,8th,PDF,PDF,Iso,Phoenix,Jett,16,233,275,79,0.84,1.13,190,14.5,17.1,4.9
Indonesia,Malaysia and Singapore,English,Malay,Indonesian,Nakya,Flex,FALSE,3rd,Elevate (American team),ELV,Raze,Jett,Reyna,26,477,434,88,1.09,1.3,249,18.3,16.6,3.3
Singapore,Malaysia and Singapore,English,Malay,Mandarin,RedKoh,Flex,FALSE,3rd,Elevate (American team),ELV,KAY/O,Breach,Fade,26,384,374,241,1.02,1.67,197,14.7,14.3,9.2
Singapore,Malaysia and Singapore,English,Malay,Mandarin,Reverie,Flex,FALSE,5th-6th,Kizuna Esports,KZ,Sova,Skye,Gekko,18,297,272,105,1.09,1.47,205,16.5,15.1,5.8
Malaysia,Malaysia and Singapore,English,Malay,,Riza,Flex,FALSE,3rd,Elevate (American team),ELV,Cypher,Sova,Viper,26,410,372,128,1.1,1.44,205,15.7,14.3,4.9
Singapore,Malaysia and Singapore,English,Malay,Mandarin,SHINSEI,Entry,FALSE,5th-6th,Kizuna Esports,KZ,Jett,Cypher,Iso,18,375,320,49,1.17,1.32,254,20.8,17.7,2.7
Singapore,Malaysia and Singapore,English,Malay,Mandarin,STYRON,Flex,FALSE,1st,Disguised,DSG,Sova,Skye,Fade,24,337,293,183,1.15,1.77,184,14,12.2,7.6
Indonesia,Malaysia and Singapore,English,Malay,Indonesian,Splash,Flex,FALSE,5th-6th,NEXGA,NXGA,Jett,Raze,Iso,19,368,300,79,1.22,1.49,265,19.3,15.7,4.1
Singapore,Malaysia and Singapore,English,Malay,Mandarin,Toy,Support,FALSE,8th,PDF,PDF,Skye,Omen,Gekko,16,235,242,101,0.97,1.38,190,14.6,15.1,6.3
Malaysia,Malaysia and Singapore,English,Malay,,Xan,Flex,FALSE,4th,LaZe,LZE,Raze,Jett,Neon,25,415,401,120,1.03,1.33,231,16.6,16,4.8
Malaysia,Malaysia and Singapore,English,Malay,,aduka,Flex,FALSE,5th-6th,NEXGA,NXGA,Sova,Iso,Cypher,19,303,273,113,1.1,1.52,216,15.9,14.3,5.9
Malaysia,Malaysia and Singapore,English,Malay,,aplycs,Flex,FALSE,5th-6th,NEXGA,NXGA,Omen,Viper,Brimstone,19,242,288,165,0.84,1.41,173,12.7,15.1,8.6
Singapore,Malaysia and Singapore,English,Malay,Mandarin,bryce,Flex,FALSE,7th,Ninjas in Galaxy,NG,Viper,Harbor,Omen,10,129,147,53,0.87,1.23,173,12.9,14.7,5.3
Singapore,Malaysia and Singapore,English,Malay,Mandarin,esmonde,Flex,FALSE,5th-6th,Kizuna Esports,KZ,Omen,Brimstone,Viper,18,227,278,168,0.81,1.42,160,12.6,15.4,9.3
Singapore,Malaysia and Singapore,English,Malay,Mandarin,grumble,Anchor,FALSE,1st,Disguised,DSG,Viper,Cypher,Killjoy,24,431,323,146,1.33,1.78,225,17.9,13.4,6
Singapore,Malaysia and Singapore,English,Malay,Mandarin,haeart,Flex,FALSE,8th,PDF,PDF,Raze,Neon,Jett,14,218,231,56,0.94,1.18,217,15.5,16.5,4
Singapore,Malaysia and Singapore,English,Malay,Mandarin,inf,Anchor,FALSE,7th,Ninjas in Galaxy,NG,Killjoy,Iso,Cypher,14,221,239,38,0.92,1.08,203,15.7,17,2.7
Malaysia,Malaysia and Singapore,English,Malay,,jans0n,Support,FALSE,2nd,Reve Drift Arena,RDA,Gekko,Cypher,Breach,32,457,521,254,0.87,1.36,175,14.2,16.2,7.9
Singapore,Malaysia and Singapore,English,Malay,Mandarin,joshh,Flex,FALSE,7th,Ninjas in Galaxy,NG,Omen,Brimstone,Viper,14,180,218,113,0.82,1.34,166,12.8,15.5,8
Singapore,Malaysia and Singapore,English,Malay,Mandarin,juicy,Entry,FALSE,1st,Disguised,DSG,Iso,Yoru,Raze,24,415,349,127,1.18,1.55,218,17.2,14.5,5.2
Malaysia,Malaysia and Singapore,English,Malay,,kayle,Flex,FALSE,5th-6th,Kizuna Esports,KZ,Killjoy,Viper,Breach,17,232,282,80,0.82,1.1,174,13.6,16.5,4.7
Singapore,Malaysia and Singapore,English,Malay,Mandarin,kestrel,Anchor,FALSE,8th,PDF,PDF,Killjoy,Cypher,Neon,5,66,93,16,0.7,0.88,154,13.2,18.6,3.2
Singapore,Malaysia and Singapore,English,Malay,Mandarin,lenne,Flex,FALSE,4th,LaZe,LZE,Sova,Fade,Gekko,25,401,352,188,1.13,1.67,229,16,14,7.5
Philippines,Malaysia and Singapore,English,Malay,Filipino,markL,Flex,FALSE,2nd,Reve Drift Arena,RDA,Viper,Cypher,Jett,32,523,523,160,1,1.3,196,16.3,16.3,5
Singapore,Malaysia and Singapore,English,Malay,Mandarin,miz,Flex,FALSE,8th,PDF,PDF,Omen,Cypher,Jett,16,202,255,93,0.79,1.15,171,12.6,15.9,5.8
Singapore,Malaysia and Singapore,English,Malay,Mandarin,persona11,Entry,FALSE,7th,Ninjas in Galaxy,NG,Raze,Jett,,14,214,236,47,0.9,1.1,203,15.2,16.8,3.3
Singapore,Malaysia and Singapore,English,Malay,Mandarin,pudj,Flex,FALSE,3rd,Elevate (American team),ELV,Killjoy,Viper,Fade,26,386,365,147,1.05,1.46,194,14.8,14,5.6
Singapore,Malaysia and Singapore,English,Malay,Mandarin,shiba,Flex,FALSE,7th,Ninjas in Galaxy,NG,Sova,Fade,Skye,14,187,220,94,0.85,1.27,179,13.3,15.7,6.7
Malaysia,Malaysia and Singapore,English,Malay,,subbey,Flex,FALSE,2nd,Reve Drift Arena,RDA,Sova,Skye,Breach,32,466,529,262,0.88,1.37,180,14.5,16.5,8.1
Singapore,Malaysia and Singapore,English,Malay,Mandarin,tempz,Flex,FALSE,4th,LaZe,LZE,Breach,Gekko,KAY/O,25,361,342,229,1.05,1.72,192,14.4,13.6,9.1
Malaysia,Malaysia and Singapore,English,Malay,,theDoctorr,Smoker,FALSE,2nd,Reve Drift Arena,RDA,Omen,Killjoy,Clove,32,561,525,293,1.06,1.62,215,17.5,16.4,9.1
Singapore,Malaysia and Singapore,English,Malay,Mandarin,vera,Flex,FALSE,1st,Disguised,DSG,Jett,Raze,Neon,23,421,349,106,1.2,1.51,246,18.3,15.1,4.6
Singapore,Malaysia and Singapore,English,Malay,Mandarin,wayne,Flex,FALSE,1st,Disguised,DSG,Omen,Killjoy,Reyna,24,400,325,189,1.23,1.81,216,16.6,13.5,7.8
Australia,Oceania,English,,,ACE,Entry,FALSE,12th-14th,Bandits ESC,BNDT,Jett,Raze,Deadlock,5,122,76,15,1.6,1.8,334,24.4,15.2,3
Australia,Oceania,English,,,AMNESTY,Support,FALSE,7th-8th,Rub n' Pug,RNP,Sova,Gekko,Deadlock,15,222,227,100,0.97,1.41,196,14.8,15.1,6.6
Cyprus,Oceania,English,Greek,Turkish,ANDY,Entry,FALSE,1st,JFT Esports,JFT,Iso,Jett,Deadlock,16,280,212,97,1.32,1.77,243,17.5,13.2,6
International,Oceania,English,,,AcZy,Smoker,FALSE,12th-14th,Wolf Pack,WP,Clove,Reyna,Viper,4,63,74,19,0.85,1.1,221,15.7,18.5,4.7
Australia,Oceania,English,,,Art,Flex,FALSE,9th-11th,Koopa Troopas,KTS,Omen,Viper,Brimstone,10,126,116,87,1.08,1.83,177,12.6,11.6,8.7
Australia,Oceania,English,,,Avi,Support,FALSE,12th-14th,Bandits ESC,BNDT,Breach,KAY/O,Brimstone,9,86,126,71,0.68,1.24,147,9.5,14,7.8
United States,Oceania,English,,,BAO,Support,FALSE,15th-16th,Corn Dawgs,CD,KAY/O,Gekko,,2,40,32,15,1.25,1.71,261,20,16,7.5
Australia,Oceania,English,,,BREW,Flex,FALSE,9th-11th,Tiny Turtle Squad,TTS,Killjoy,Chamber,Brimstone,11,126,160,47,0.78,1.08,168,11.4,14.5,4.2
New Zealand,Oceania,English,Maori,,BiggieCheese,Smoker,FALSE,2nd,ARENA Internet Cafe,AIC,KAY/O,Astra,Viper,19,253,283,147,0.89,1.41,189,13.3,14.8,7.7
Iran,Oceania,English,Persian,,Blessed,Support,FALSE,3rd,FOCUSGG,FOC,Viper,Gekko,KAY/O,19,255,286,156,0.89,1.43,184,13.4,15,8.2
Australia,Oceania,English,,,Bonobo,Flex,FALSE,3rd,FOCUSGG,FOC,Raze,Jett,Neon,19,288,294,58,0.97,1.17,199,15.1,15.4,3
Croatia,Oceania,English,Croatian,,Chax,Flex,FALSE,9th-11th,Koopa Troopas,KTS,Raze,Jett,Reyna,10,173,149,32,1.16,1.37,235,17.3,14.9,3.2
Australia,Oceania,English,,,Crunchy,Support,FALSE,5th-6th,BOBO,BOBO,KAY/O,Omen,Skye,15,237,209,141,1.13,1.8,213,15.8,13.9,9.4
International,Oceania,English,,,DOWNTAIL,Entry,FALSE,12th-14th,Xu Gang,XG,Raze,Jett,,7,113,110,21,1.02,1.21,231,16.1,15.7,3
Australia,Oceania,English,,,Dasani,Flex,FALSE,9th-11th,Koopa Troopas,KTS,Breach,Phoenix,Killjoy,10,151,140,51,1.07,1.44,211,15.1,14,5.1
Australia,Oceania,English,,,Don,Support,FALSE,15th-16th,Corn Dawgs,CD,Sova,Breach,,2,21,32,18,0.65,1.21,147,10.5,16,9
South Korea,Oceania,English,Korean,,Dynasty,Support,FALSE,12th-14th,Xu Gang,XG,Sova,Deadlock,Fade,7,65,113,35,0.57,0.88,147,9.2,16.1,5
Afghanistan,Oceania,English,Persian,Pashto,Esuh,Support,FALSE,9th-11th,Peace & Love,PL,Killjoy,Skye,Gekko,5,65,72,37,0.9,1.41,199,13,14.4,7.4
Australia,Oceania,English,,,Exirst,Flex,FALSE,5th-6th,BOBO,BOBO,Jett,Raze,Iso,15,234,225,61,1.04,1.31,221,15.6,15,4
New Zealand,Oceania,English,Maori,,FETA,Flex,FALSE,2nd,ARENA Internet Cafe,AIC,Jett,Raze,Neon,19,352,273,61,1.28,1.51,249,18.5,14.3,3.2
Vietnam,Oceania,English,Vietnamese,,IKANA,Flex,FALSE,1st,JFT Esports,JFT,Sova,Fade,Skye,24,367,296,170,1.23,1.81,214,15.2,12.3,7
Australia,Oceania,English,,,JAWSY,Flex,FALSE,7th-8th,Rub n' Pug,RNP,Omen,Astra,Viper,15,234,240,117,0.97,1.46,200,15.6,16,7.8
International,Oceania,English,,,JiYn,Anchor,FALSE,12th-14th,Wolf Pack,WP,Gekko,Deadlock,Killjoy,7,107,110,37,0.97,1.3,201,15.2,15.7,5.2
Australia,Oceania,English,,,Kiseki,Entry,FALSE,9th-11th,Peace & Love,PL,Neon,Reyna,,12,232,199,47,1.16,1.4,229,19.3,16.5,3.9
International,Oceania,English,,,Kyun,Support,FALSE,12th-14th,Wolf Pack,WP,Sova,Skye,Omen,7,70,111,44,0.63,1.02,149,10,15.8,6.2
United Kingdom,Oceania,English,,,LEW,Entry,FALSE,4th,JiJieHao BONK,JJH,Jett,Raze,,19,343,255,78,1.34,1.65,247,18,13.4,4.1
Australia,Oceania,English,,,Lazy,Flex,FALSE,9th-11th,Peace & Love,PL,Omen,Viper,Brimstone,11,151,209,102,0.72,1.21,185,13.7,19,9.2
Australia,Oceania,English,,,Loubert,Anchor,FALSE,7th-8th,EDGE,EDGE,Omen,Killjoy,Cypher,19,221,279,139,0.79,1.29,170,11.6,14.6,7.3
Australia,Oceania,English,,,M1kE,Anchor,FALSE,5th-6th,BOBO,BOBO,Killjoy,Cypher,Viper,15,221,210,79,1.05,1.42,203,14.7,14,5.2
Australia,Oceania,English,,,MILKY,Flex,FALSE,2nd,ARENA Internet Cafe,AIC,Breach,Omen,Sage,18,214,247,155,0.86,1.49,166,11.8,13.7,8.6
Turkey,Oceania,English,Turkish,,MURZA,Flex,FALSE,1st,JFT Esports,JFT,Jett,Raze,Reyna,22,364,304,80,1.19,1.46,233,16.5,13.8,3.6
New Zealand,Oceania,English,Maori,,MaiShiu,Support,FALSE,3rd,FOCUSGG,FOC,Fade,Sova,,19,266,273,126,0.97,1.43,196,14,14.3,6.6
Australia,Oceania,English,,,McKinley,Support,FALSE,2nd,ARENA Internet Cafe,AIC,Sova,Skye,,19,249,257,129,0.96,1.47,187,13.1,13.5,6.7
Australia,Oceania,English,,,Minimise,Flex,FALSE,4th,JiJieHao BONK,JJH,KAY/O,Gekko,Breach,19,243,274,158,0.88,1.46,173,12.7,14.4,8.3
Australia,Oceania,English,,,Myth,Smoker,FALSE,3rd,FOCUSGG,FOC,Omen,Brimstone,Sage,19,269,272,185,0.98,1.66,192,14.1,14.3,9.7
Australia,Oceania,English,,,NOVAE,Entry,FALSE,9th-11th,Tiny Turtle Squad,TTS,Jett,Raze,,11,218,157,43,1.38,1.66,272,19.8,14.2,3.9
New Zealand,Oceania,English,Maori,,Noir,Anchor,FALSE,9th-11th,Koopa Troopas,KTS,Cypher,Killjoy,Viper,10,119,149,65,0.79,1.23,159,11.9,14.9,6.5
Australia,Oceania,English,,,Nozz,Smoker,FALSE,5th-6th,BOBO,BOBO,Omen,Viper,Fade,15,213,209,117,1.01,1.57,193,14.2,13.9,7.8
Australia,Oceania,English,,,Prophet,Flex,FALSE,7th-8th,EDGE,EDGE,Jett,Raze,Reyna,13,217,201,45,1.07,1.3,233,16.6,15.4,3.4
Australia,Oceania,English,,,R3GEN,Support,FALSE,9th-11th,Tiny Turtle Squad,TTS,Sova,Gekko,Sage,11,123,165,65,0.74,1.13,165,11.1,15,5.9
Philippines,Oceania,English,Filipino,,RAMEN,Anchor,FALSE,1st,JFT Esports,JFT,Killjoy,Cypher,Gekko,24,337,292,112,1.15,1.53,193,14,12.1,4.6
New Zealand,Oceania,English,Maori,,RESLYDE,Entry,FALSE,9th-11th,Peace & Love,PL,Sova,Raze,Reyna,12,191,210,62,0.9,1.2,199,15.9,17.5,5.1
International,Oceania,English,,,Saitama,Smoker,FALSE,15th-16th,Corn Dawgs,CD,Omen,,,2,25,30,17,0.83,1.4,159,12.5,15,8.5
International,Oceania,English,,,Shinobu,Smoker,FALSE,12th-14th,Xu Gang,XG,Omen,Viper,,7,69,112,59,0.61,1.14,148,9.8,16,8.4
Australia,Oceania,English,,,Shinon,Smoker,FALSE,12th-14th,Bandits ESC,BNDT,Viper,Omen,,9,131,122,44,1.07,1.43,211,14.5,13.5,4.8
Australia,Oceania,English,,,Sinaway,Anchor,FALSE,2nd,ARENA Internet Cafe,AIC,Killjoy,Cypher,Viper,19,322,264,90,1.21,1.56,229,16.9,13.8,4.7
Pakistan,Oceania,English,Urdu,,Strame,Flex,FALSE,7th-8th,EDGE,EDGE,Cypher,Sova,Viper,6,84,81,23,1.03,1.32,180,14,13.5,3.8
Australia,Oceania,English,,,VINA,Smoker,FALSE,1st,JFT Esports,JFT,Viper,Omen,,10,125,133,57,0.93,1.36,192,12.5,13.3,5.7
Australia,Oceania,English,,,WATER,Flex,FALSE,9th-11th,Peace & Love,PL,Phoenix,Reyna,Jett,12,178,214,51,0.83,1.07,184,14.8,17.8,4.2
New Zealand,Oceania,English,Maori,,Wiqzu,Flex,FALSE,12th-14th,Bandits ESC,BNDT,Cypher,Killjoy,Deadlock,9,94,128,24,0.73,0.92,148,10.4,14.2,2.6
New Zealand,Oceania,English,Maori,,WisdomCats,Smoker,FALSE,9th-11th,Tiny Turtle Squad,TTS,Omen,Viper,,11,160,162,60,0.98,1.35,208,14.5,14.7,5.4
Australia,Oceania,English,,,Yuji,Anchor,FALSE,12th-14th,Xu Gang,XG,Killjoy,Cypher,,7,92,118,24,0.77,0.98,196,13.1,16.8,3.4
Australia,Oceania,English,,,Zauqk,Flex,FALSE,5th-6th,BOBO,BOBO,Sova,Breach,Fade,15,242,206,108,1.17,1.69,226,16.1,13.7,7.2
Australia,Oceania,English,,,Zuper,Anchor,FALSE,15th-16th,Corn Dawgs,CD,Cypher,Killjoy,,2,25,32,9,0.78,1.06,154,12.5,16,4.5
Australia,Oceania,English,,,abbas,Entry,FALSE,1st,JFT Esports,JFT,Raze,Reyna,,2,32,21,10,1.52,2,250,16,10.5,5
Australia,Oceania,English,,,addict,Smoker,FALSE,12th-14th,Wolf Pack,WP,Viper,,,3,52,50,7,1.04,1.18,221,17.3,16.6,2.3
Australia,Oceania,English,,,alu,Flex,FALSE,5th-6th,iPGN,iPGN,Fade,Sova,Gekko,20,216,287,135,0.75,1.22,158,10.8,14.3,6.7
Australia,Oceania,English,,,august,Anchor,FALSE,2nd,ARENA Internet Cafe,AIC,Killjoy,,,1,20,12,5,1.66,2.08,250,20,12,5
Australia,Oceania,English,,,azoh,Support,FALSE,7th-8th,EDGE,EDGE,Sova,Gekko,Deadlock,19,258,268,146,0.96,1.5,198,13.5,14.1,7.6
Russia,Oceania,English,Russian,,binjo,Flex,FALSE,9th-11th,Peace & Love,PL,Killjoy,Skye,,7,122,129,34,0.94,1.2,206,17.4,18.4,4.8
Australia,Oceania,English,,,brock,Flex,FALSE,9th-11th,Koopa Troopas,KTS,Sova,Fade,Skye,10,153,145,75,1.05,1.57,216,15.3,14.5,7.5
Australia,Oceania,English,,,doleful,Support,FALSE,12th-14th,Bandits ESC,BNDT,Gekko,Raze,Sova,9,121,139,45,0.87,1.19,204,13.4,15.4,5
Indonesia,Oceania,English,Indonesian,,dragoN,Smoker,FALSE,4th,JiJieHao BONK,JJH,Omen,Brimstone,Killjoy,19,328,261,121,1.25,1.72,225,17.2,13.7,6.3
Australia,Oceania,English,,,exempt,Flex,FALSE,7th-8th,Rub n' Pug,RNP,KAY/O,Gekko,Sova,15,191,221,160,0.86,1.58,178,12.7,14.7,10.6
International,Oceania,English,,,glaive,Entry,FALSE,15th-16th,Corn Dawgs,CD,Raze,Jett,,2,28,41,5,0.68,0.8,191,14,20.5,2.5
Australia,Oceania,English,,,gon,Flex,FALSE,9th-11th,Tiny Turtle Squad,TTS,Breach,Fade,KAY/O,11,126,169,84,0.74,1.24,160,11.4,15.3,7.6
Australia,Oceania,English,,,kadiri,Entry,FALSE,7th-8th,EDGE,EDGE,Cypher,Reyna,Phoenix,19,360,277,82,1.29,1.59,258,18.9,14.5,4.3
Australia,Oceania,English,,,kaza,Flex,FALSE,7th-8th,EDGE,EDGE,Sova,Skye,KAY/O,19,221,270,169,0.81,1.44,171,11.6,14.2,8.8
United Arab Emirates,Oceania,English,Arabic,,kiss,Smoker,FALSE,1st,JFT Esports,JFT,Omen,Jett,Viper,22,316,310,157,1.01,1.52,207,14.3,14,7.1
Australia,Oceania,English,,,lg1c,Entry,FALSE,5th-6th,iPGN,iPGN,Raze,Jett,,20,301,288,60,1.04,1.25,212,15,14.4,3
Australia,Oceania,English,,,maine,Smoker,FALSE,5th-6th,iPGN,iPGN,Omen,Viper,Yoru,20,263,298,142,0.88,1.35,192,13.1,14.9,7.1
Australia,Oceania,English,,,phequa,Flex,FALSE,7th-8th,Rub n' Pug,RNP,Jett,Neon,Iso,15,259,245,48,1.05,1.25,223,17.2,16.3,3.2
Australia,Oceania,English,,,phi,Flex,FALSE,5th-6th,iPGN,iPGN,Breach,Gekko,KAY/O,18,254,262,148,0.96,1.53,192,14.1,14.5,8.2
Australia,Oceania,English,,,rDeeW,Anchor,FALSE,4th,JiJieHao BONK,JJH,Cypher,Viper,Killjoy,19,289,276,96,1.04,1.39,208,15.2,14.5,5
Australia,Oceania,English,,,rossi,Entry,FALSE,12th-14th,Wolf Pack,WP,Raze,Jett,,7,87,121,24,0.71,0.91,183,12.4,17.2,3.4
Cambodia,Oceania,English,Khmer,,rurlz,Smoker,FALSE,9th-11th,Peace & Love,PL,Omen,,,1,8,14,8,0.57,1.14,146,8,14,8
International,Oceania,English,,,schizofrenic,Flex,FALSE,12th-14th,Bandits ESC,BNDT,Raze,Gekko,Killjoy,4,27,67,8,0.4,0.52,130,6.7,16.7,2
New Zealand,Oceania,English,Maori,,signed,Support,FALSE,4th,JiJieHao BONK,JJH,Sova,Viper,Gekko,19,281,244,115,1.15,1.62,195,14.7,12.8,6
Australia,Oceania,English,,,sommboiii,Smoker,FALSE,12th-14th,Wolf Pack,WP,Killjoy,Omen,Viper,7,90,106,24,0.84,1.07,171,12.8,15.1,3.4
Australia,Oceania,English,,,songry,Anchor,FALSE,5th-6th,iPGN,iPGN,Killjoy,Cypher,Brimstone,20,336,285,82,1.17,1.46,236,16.8,14.2,4.1
International,Oceania,English,,,spartabang,Support,FALSE,12th-14th,Xu Gang,XG,Breach,KAY/O,,7,88,111,59,0.79,1.32,182,12.5,15.8,8.4
Australia,Oceania,English,,,vizsla,Anchor,FALSE,3rd,FOCUSGG,FOC,Killjoy,Viper,Cypher,19,301,286,76,1.05,1.31,219,15.8,15,4
Australia,Oceania,English,,,zenox,Flex,FALSE,7th-8th,Rub n' Pug,RNP,Raze,Killjoy,Yoru,15,263,247,74,1.06,1.36,244,17.5,16.4,4.9
Philippines,Philippines,Filipino,English,,Aeonyx,Anchor,FALSE,5th-6th,OLD STINKY CAT,MEOW,Cypher,Killjoy,Brimstone,20,280,302,88,0.92,1.21,191,14,15.1,4.4
Philippines,Philippines,Filipino,English,,Astro,Flex,FALSE,5th-6th,Carti World,CW,Omen,Viper,Clove,23,356,343,224,1.03,1.69,199,15.4,14.9,9.7
Philippines,Philippines,Filipino,English,,Chanyboi,Flex,FALSE,5th-6th,Carti World,CW,KAY/O,Sova,Breach,23,320,354,242,0.9,1.58,186,13.9,15.3,10.5
Philippines,Philippines,Filipino,English,,Chaze,Flex,FALSE,9th,Tyrant Esports,TYR,Sova,Skye,Gekko,16,201,253,124,0.79,1.28,179,12.5,15.8,7.7
Philippines,Philippines,Filipino,English,,Chowdy,Smoker,FALSE,9th,Tyrant Esports,TYR,Viper,KAY/O,Omen,23,293,375,182,0.78,1.26,177,12.7,16.3,7.9
Philippines,Philippines,Filipino,English,,Denz,Anchor,FALSE,7th,Avernus Esports,AVN,Killjoy,Cypher,KAY/O,18,289,251,83,1.15,1.48,228,16,13.9,4.6
Philippines,Philippines,Filipino,English,,Dignified,Flex,FALSE,5th-6th,OLD STINKY CAT,MEOW,Skye,Gekko,Breach,17,270,230,135,1.17,1.76,201,15.8,13.5,7.9
Philippines,Philippines,Filipino,English,,DizzyFps,Support,FALSE,5th-6th,OLD STINKY CAT,MEOW,Jett,Gekko,Sova,18,252,276,91,0.91,1.24,193,14,15.3,5
Philippines,Philippines,Filipino,English,,DubsteP,Smoker,FALSE,3rd,Oasis Gaming,OAS,Omen,Brimstone,Sage,27,383,396,220,0.96,1.52,180,14.1,14.6,8.1
Philippines,Philippines,Filipino,English,,Emman,Flex,FALSE,1st,NAOS Esports,NAOS,Gekko,Skye,Fade,29,416,417,201,0.99,1.47,188,14.3,14.3,6.9
Philippines,Philippines,Filipino,English,,Erz4h,Entry,FALSE,8th,Rank El Cuties,QT,Omen,Neon,Jett,4,49,70,39,0.7,1.25,182,12.2,17.5,9.7
Philippines,Philippines,Filipino,English,,FallX,Entry,FALSE,5th-6th,OLD STINKY CAT,MEOW,Raze,Jett,Clove,19,321,305,66,1.05,1.26,234,16.8,16,3.4
Philippines,Philippines,Filipino,English,,Foods,Entry,FALSE,10th,Subversive,SVR,Raze,Jett,Yoru,17,212,283,52,0.74,0.93,192,12.4,16.6,3
Philippines,Philippines,Filipino,English,,GabbyDiz,Smoker,FALSE,8th,Rank El Cuties,QT,Omen,Viper,KAY/O,13,179,197,103,0.9,1.43,180,13.7,15.1,7.9
Philippines,Philippines,Filipino,English,,Grooovy,Support,FALSE,8th,Rank El Cuties,QT,Sova,Viper,Fade,13,191,194,92,0.98,1.45,209,14.6,14.9,7
Philippines,Philippines,Filipino,English,,Hirenkyaku,Flex,FALSE,10th,Subversive,SVR,Killjoy,Viper,Sova,17,181,278,51,0.65,0.83,161,10.6,16.3,3
Philippines,Philippines,Filipino,English,,HydraKid,Flex,FALSE,7th,Avernus Esports,AVN,Sova,Breach,Skye,13,172,195,109,0.88,1.44,199,13.2,15,8.3
Philippines,Philippines,Filipino,English,,Ichisolo,Anchor,FALSE,5th-6th,Carti World,CW,Killjoy,Cypher,Sova,23,341,341,125,1,1.36,199,14.8,14.8,5.4
Philippines,Philippines,Filipino,English,,JA,Anchor,FALSE,1st,NAOS Esports,NAOS,Cypher,Killjoy,Chamber,29,557,415,126,1.34,1.64,247,19.2,14.3,4.3
Philippines,Philippines,Filipino,English,,Jacobbb,Anchor,FALSE,8th,Rank El Cuties,QT,Killjoy,Cypher,Reyna,13,193,203,45,0.95,1.17,199,14.8,15.6,3.4
Philippines,Philippines,Filipino,English,,Kakarot,Flex,FALSE,2nd,ZOL Esports,ZOL,Raze,Jett,Neon,37,521,574,202,0.9,1.25,200,14,15.5,5.4
Philippines,Philippines,Filipino,English,,KellyS,Support,FALSE,3rd,Oasis Gaming,OAS,Raze,KAY/O,Breach,27,523,421,201,1.24,1.71,258,19.3,15.5,7.4
Philippines,Philippines,Filipino,English,,LoyDreaM,Entry,FALSE,4th,JustUs,JST,Jett,Raze,Cypher,25,423,379,143,1.11,1.49,233,16.9,15.1,5.7
Philippines,Philippines,Filipino,English,,Markyyy,Flex,FALSE,3rd,Oasis Gaming,OAS,Viper,Jett,Sova,27,481,376,185,1.27,1.77,228,17.8,13.9,6.8
Philippines,Philippines,Filipino,English,,Minori,Smoker,FALSE,10th,Subversive,SVR,Omen,Viper,Breach,8,93,124,27,0.75,0.96,171,11.6,15.5,3.3
Philippines,Philippines,Filipino,English,,Mojer,Flex,FALSE,1st,NAOS Esports,NAOS,Raze,Jett,Neon,29,519,448,144,1.15,1.47,252,17.8,15.4,4.9
Philippines,Philippines,Filipino,English,,N1ER,Flex,FALSE,9th,Tyrant Esports,TYR,Jett,Raze,Reyna,23,358,398,81,0.89,1.1,205,15.5,17.3,3.5
Philippines,Philippines,Filipino,English,,Nexi,Support,FALSE,1st,NAOS Esports,NAOS,KAY/O,Viper,Sova,29,422,410,226,1.02,1.58,196,14.5,14.1,7.7
Philippines,Philippines,Filipino,English,,Owen q t,Flex,FALSE,5th-6th,OLD STINKY CAT,MEOW,Omen,Viper,Brimstone,20,268,305,166,0.87,1.42,191,13.4,15.2,8.3
Philippines,Philippines,Filipino,English,,PapiChulo,Flex,FALSE,1st,NAOS Esports,NAOS,Omen,Viper,Brimstone,29,478,348,249,1.37,2.08,210,16.4,12,8.5
Philippines,Philippines,Filipino,English,,PatMen,Support,FALSE,2nd,ZOL Esports,ZOL,KAY/O,Skye,Viper,37,656,551,231,1.19,1.6,243,17.7,14.8,6.2
Philippines,Philippines,Filipino,English,,Repulsive,Smoker,FALSE,4th,JustUs,JST,Omen,Brimstone,,19,241,263,212,0.91,1.72,183,12.6,13.8,11.1
Philippines,Philippines,Filipino,English,,SLY,Smoker,FALSE,7th,Avernus Esports,AVN,Viper,Harbor,Killjoy,10,86,162,40,0.53,0.77,119,8.6,16.2,4
Philippines,Philippines,Filipino,English,,Sanji,Smoker,FALSE,10th,Subversive,SVR,Omen,Brimstone,Sova,11,95,183,70,0.51,0.9,140,8.6,16.6,6.3
Philippines,Philippines,Filipino,English,,SecondLove,Anchor,FALSE,4th,JustUs,JST,Cypher,Killjoy,Fade,25,354,353,144,1,1.41,194,14.1,14.1,5.7
Philippines,Philippines,Filipino,English,,Sovano,Entry,FALSE,8th,Rank El Cuties,QT,Raze,Jett,Omen,12,213,197,42,1.08,1.29,240,17.7,16.4,3.5
Philippines,Philippines,Filipino,English,,Stazy,Flex,FALSE,4th,JustUs,JST,KAY/O,Skye,Gekko,8,87,119,49,0.73,1.14,167,10.8,14.8,6.1
Philippines,Philippines,Filipino,English,,SyKo,Flex,FALSE,4th,JustUs,JST,Skye,Sova,Gekko,23,305,359,152,0.84,1.27,183,13.2,15.6,6.6
Philippines,Philippines,Filipino,English,,Xty,Support,FALSE,7th,Avernus Esports,AVN,Gekko,Breach,Killjoy,20,250,294,127,0.85,1.28,178,12.5,14.7,6.3
Philippines,Philippines,Filipino,English,,Yort,Support,FALSE,8th,Rank El Cuties,QT,KAY/O,Skye,Viper,10,129,140,76,0.92,1.46,182,12.9,14,7.6
Philippines,Philippines,Filipino,English,,YoungPork,Flex,FALSE,10th,Subversive,SVR,Gekko,Fade,KAY/O,17,243,263,68,0.92,1.18,210,14.2,15.4,4
Philippines,Philippines,Filipino,English,,Yukxx,Smoker,FALSE,9th,Tyrant Esports,TYR,Omen,Clove,Gekko,17,263,293,94,0.89,1.21,207,15.4,17.2,5.5
Philippines,Philippines,Filipino,English,,ZYND,Anchor,FALSE,2nd,ZOL Esports,ZOL,Cypher,Jett,Killjoy,37,634,521,139,1.21,1.48,228,17.1,14,3.7
Philippines,Philippines,Filipino,English,,Zeus,Entry,FALSE,7th,Avernus Esports,AVN,Jett,Raze,Omen,20,367,305,74,1.2,1.44,266,18.3,15.2,3.7
Philippines,Philippines,Filipino,English,,ayap,Support,FALSE,5th-6th,Carti World,CW,Gekko,Sova,Viper,21,330,320,145,1.03,1.48,203,15.7,15.2,6.9
Philippines,Philippines,Filipino,English,,cms,Flex,FALSE,10th,Subversive,SVR,Killjoy,Sova,Viper,15,129,248,38,0.52,0.67,133,8.6,16.5,2.5
Philippines,Philippines,Filipino,English,,eur,Smoker,FALSE,7th,Avernus Esports,AVN,Omen,Viper,Raze,19,225,285,132,0.78,1.25,172,11.8,15,6.9
Philippines,Philippines,Filipino,English,,exotic,Flex,FALSE,5th-6th,OLD STINKY CAT,MEOW,Clove,Raze,Skye,6,106,112,15,0.94,1.08,226,17.6,18.6,2.5
Philippines,Philippines,Filipino,English,,gabo,Anchor,FALSE,5th-6th,Carti World,CW,Killjoy,,,2,27,27,9,1,1.33,165,13.5,13.5,4.5
Philippines,Philippines,Filipino,English,,irisMonster,Anchor,FALSE,9th,Tyrant Esports,TYR,Killjoy,Cypher,Viper,15,232,229,54,1.01,1.24,198,15.4,15.2,3.6
Philippines,Philippines,Filipino,English,,jEEE,Smoker,FALSE,2nd,ZOL Esports,ZOL,Omen,Brimstone,Killjoy,20,279,289,168,0.96,1.54,188,13.9,14.4,8.4
Philippines,Philippines,Filipino,English,,kvzx,Support,FALSE,2nd,ZOL Esports,ZOL,Sova,Gekko,Omen,37,498,507,279,0.98,1.53,191,13.4,13.7,7.5
Philippines,Philippines,Filipino,English,,micr0,Support,FALSE,2nd,ZOL Esports,ZOL,KAY/O,Gekko,Omen,17,191,244,122,0.78,1.28,166,11.2,14.3,7.1
Philippines,Philippines,Filipino,English,,par scofield,Entry,FALSE,4th,JustUs,JST,Reyna,Raze,Killjoy,25,432,391,103,1.1,1.36,240,17.2,15.6,4.1
Philippines,Philippines,Filipino,English,,witz,Flex,FALSE,3rd,Oasis Gaming,OAS,Skye,Sova,KAY/O,27,395,400,252,0.98,1.61,195,14.6,14.8,9.3
Philippines,Philippines,Filipino,English,,xavi8k,Anchor,FALSE,3rd,Oasis Gaming,OAS,Cypher,Killjoy,Viper,27,472,380,153,1.24,1.64,225,17.4,14,5.6
Philippines,Philippines,Filipino,English,,yokam,Flex,FALSE,5th-6th,Carti World,CW,Jett,Raze,Neon,23,532,388,90,1.37,1.6,290,23.1,16.8,3.9
India,South Asia,Hindi,English,,1TaPGoD,Flex,FALSE,7th-8th,Alternate Realities,AR,Raze,Gekko,,5,40,82,20,0.48,0.73,142,8,16.4,4
Philippines,South Asia,Filipino,English,,Aryu,Anchor,FALSE,2nd,True Rippers Esports,TRS,Killjoy,Cypher,Chamber,18,233,231,71,1,1.31,177,12.9,12.8,3.9
India,South Asia,Hindi,English,,CortezZ,Smoker,FALSE,7th-8th,Alternate Realities,AR,Omen,Viper,,6,76,101,27,0.75,1.01,194,12.6,16.8,4.5
India,South Asia,Hindi,English,,DEATHMAKER,Entry,FALSE,2nd,True Rippers Esports,TRS,Jett,Raze,Cypher,18,277,254,49,1.09,1.28,220,15.3,14.1,2.7
India,South Asia,Hindi,English,,DOXZ3RRR,Flex,FALSE,5th-6th,Reckoning Esports,RGE,Sova,Omen,,6,81,92,24,0.88,1.14,184,13.5,15.3,4
India,South Asia,Hindi,English,,DcRulz,Anchor,FALSE,4th,Orangutan,OGS,Killjoy,Cypher,Viper,12,166,154,30,1.07,1.27,205,13.8,12.8,2.5
India,South Asia,Hindi,English,,Deadly10,Entry,FALSE,5th-6th,Medal Esports,MDL,Jett,Raze,,7,109,98,16,1.11,1.27,219,15.5,14,2.2
Philippines,South Asia,Filipino,English,,Dr1ch,Flex,FALSE,7th-8th,Alternate Realities,AR,Gekko,Raze,Killjoy,6,65,100,25,0.65,0.9,168,10.8,16.6,4.1
India,South Asia,Hindi,English,,Excali,Flex,FALSE,5th-6th,Medal Esports,MDL,Killjoy,Omen,Gekko,7,95,104,50,0.91,1.39,212,13.5,14.8,7.1
India,South Asia,Hindi,English,,GauRanG,Smoker,FALSE,2nd,True Rippers Esports,TRS,Viper,Omen,,3,28,33,16,0.84,1.33,152,9.3,11,5.3
India,South Asia,Hindi,English,,Hellff,Flex,FALSE,2nd,True Rippers Esports,TRS,Sova,Skye,KAY/O,18,283,246,122,1.15,1.64,225,15.7,13.6,6.7
India,South Asia,Hindi,English,,Hoax,Support,FALSE,3rd,Velocity Gaming,VLT,Sage,Breach,Gekko,17,225,248,137,0.9,1.45,175,13.2,14.5,8
Philippines,South Asia,Filipino,English,,JoshS,Flex,FALSE,7th-8th,Alternate Realities,AR,Fade,KAY/O,Sova,6,79,96,54,0.82,1.38,203,13.1,16,9
India,South Asia,Hindi,English,,Karam1L,Anchor,FALSE,5th-6th,Reckoning Esports,RGE,Killjoy,Cypher,Chamber,6,90,91,18,0.98,1.18,214,15,15.1,3
India,South Asia,Hindi,English,,Kibojn,Flex,FALSE,5th-6th,Medal Esports,MDL,KAY/O,Gekko,Breach,7,97,91,51,1.06,1.62,197,13.8,13,7.2
India,South Asia,Hindi,English,,Kohliii,Flex,FALSE,3rd,Velocity Gaming,VLT,Sova,Omen,,17,218,268,137,0.81,1.32,177,12.8,15.7,8
Japan,South Asia,Japanese,,,LBY,Flex,FALSE,5th-6th,Reckoning Esports,RGE,Omen,Brimstone,Viper,6,72,88,43,0.81,1.3,177,12,14.6,7.1
India,South Asia,Hindi,English,,LeVi,Smoker,FALSE,7th-8th,MLT Esports,MLT,Viper,Omen,,5,65,83,21,0.78,1.03,190,13,16.6,4.2
India,South Asia,Hindi,English,,MAX,Support,FALSE,5th-6th,Reckoning Esports,RGE,Breach,Skye,Sage,6,56,94,48,0.59,1.1,156,9.3,15.6,8
India,South Asia,Hindi,English,,Makaveli,Smoker,FALSE,4th,Orangutan,OGS,Omen,Viper,Yoru,12,136,150,80,0.9,1.44,176,11.3,12.5,6.6
India,South Asia,Hindi,English,,Mast3r,Anchor,FALSE,7th-8th,Alternate Realities,AR,Brimstone,Cypher,Killjoy,6,62,92,23,0.67,0.92,152,10.3,15.3,3.8
India,South Asia,Hindi,English,,Paradox,Flex,FALSE,1st,Revenant Esports,RVNT,Raze,Harbor,Breach,15,208,228,116,0.91,1.42,190,13.8,15.2,7.7
India,South Asia,Hindi,English,,Rawfiul,Flex,FALSE,7th-8th,MLT Esports,MLT,Cypher,Skye,Jett,5,73,75,18,0.97,1.21,189,14.6,15,3.6
India,South Asia,Hindi,English,,Rio,Support,FALSE,4th,Orangutan,OGS,Gekko,Sova,,12,114,154,66,0.74,1.16,145,9.5,12.8,5.5
India,South Asia,Hindi,English,,RvK,Entry,FALSE,5th-6th,Reckoning Esports,RGE,Raze,Jett,,6,88,95,15,0.92,1.08,213,14.6,15.8,2.5
India,South Asia,Hindi,English,,SkRossi,Flex,FALSE,1st,Revenant Esports,RVNT,Jett,Chamber,Gekko,15,265,220,53,1.2,1.44,232,17.6,14.6,3.5
India,South Asia,Hindi,English,,Techno,Smoker,FALSE,2nd,True Rippers Esports,TRS,Viper,Omen,Sova,18,276,241,130,1.14,1.68,217,15.3,13.3,7.2
India,South Asia,Hindi,English,,Trinxty,Entry,FALSE,4th,Orangutan,OGS,Jett,Raze,,12,196,172,41,1.13,1.37,249,16.3,14.3,3.4
India,South Asia,Hindi,English,,Vibhor,Smoker,FALSE,5th-6th,Medal Esports,MDL,Omen,Viper,Cypher,7,100,99,46,1.01,1.47,205,14.2,14.1,6.5
Indonesia,South Asia,Indonesian,,,adrnking,Support,FALSE,3rd,Velocity Gaming,VLT,Killjoy,Breach,KAY/O,17,259,265,115,0.97,1.41,198,15.2,15.5,6.7
Philippines,South Asia,Filipino,English,,azys,Entry,FALSE,7th-8th,MLT Esports,MLT,Jett,Raze,KAY/O,5,74,81,18,0.91,1.13,196,14.8,16.2,3.6
Philippines,South Asia,Filipino,English,,d1srupt,Support,FALSE,2nd,True Rippers Esports,TRS,Omen,KAY/O,Breach,15,241,209,87,1.15,1.56,218,16,13.9,5.8
Kazakhstan,South Asia,Kazakh,Russian,,dos9,Smoker,FALSE,1st,Revenant Esports,RVNT,Viper,Killjoy,Omen,15,314,189,97,1.66,2.17,268,20.9,12.6,6.4
India,South Asia,Hindi,English,,hYperfiction,Entry,FALSE,7th-8th,Alternate Realities,AR,Jett,,,1,22,22,6,1,1.27,287,22,22,6
India,South Asia,Hindi,English,,psy,Support,FALSE,5th-6th,Medal Esports,MDL,Sova,Skye,Cypher,7,95,95,31,1,1.32,195,13.5,13.5,4.4
India,South Asia,Hindi,English,,rite2ace,Smoker,FALSE,7th-8th,MLT Esports,MLT,Omen,Killjoy,Brimstone,5,51,79,36,0.64,1.1,137,10.2,15.8,7.2
Indonesia,South Asia,Indonesian,,,sayoo,Smoker,FALSE,3rd,Velocity Gaming,VLT,Cypher,Viper,Omen,17,245,262,89,0.93,1.27,190,14.4,15.4,5.2
India,South Asia,Hindi,English,,skillZ,Flex,FALSE,1st,Revenant Esports,RVNT,Sova,Skye,Fade,15,186,190,103,0.97,1.52,160,12.4,12.6,6.8
Kazakhstan,South Asia,Kazakh,Russian,,sultan,Smoker,FALSE,1st,Revenant Esports,RVNT,Omen,Viper,Cypher,15,262,191,110,1.37,1.94,223,17.4,12.7,7.3
Philippines,South Asia,Filipino,English,,tesseract,Support,FALSE,7th-8th,MLT Esports,MLT,Sova,Skye,Cypher,5,74,87,25,0.85,1.13,211,14.8,17.4,5
India,South Asia,Hindi,English,,tryst,Support,FALSE,4th,Orangutan,OGS,KAY/O,Viper,Skye,12,162,161,95,1,1.59,200,13.5,13.4,7.9
India,South Asia,Hindi,English,,venka,Entry,FALSE,3rd,Velocity Gaming,VLT,Jett,Raze,Gekko,17,339,290,54,1.16,1.35,263,19.9,17,3.1
South Korea,South Korea,Korean,,,972,Flex,FALSE,5th-6th,IAM,IAM,Omen,Brimstone,Viper,21,278,321,148,0.86,1.32,176,13.2,15.2,7
South Korea,South Korea,Korean,,,Ash,Flex,FALSE,8th,FearX,FOX,Jett,Raze,Neon,17,260,267,62,0.97,1.2,208,15.2,15.7,3.6
South Korea,South Korea,Korean,,,BENECIA,Flex,FALSE,4th,SLT,SLT,Omen,Viper,Brimstone,23,332,348,230,0.95,1.61,193,14.4,15.1,10
South Korea,South Korea,Korean,,,Bangnan,Flex,FALSE,5th-6th,VEC,VEC,Omen,Cypher,Breach,21,296,338,113,0.87,1.21,187,14,16,5.3
South Korea,South Korea,Korean,,,BeomJun,Smoker,FALSE,8th,FearX,FOX,KAY/O,Harbor,Omen,17,193,277,126,0.69,1.15,161,11.3,16.2,7.4
South Korea,South Korea,Korean,,,Bunny,Entry,FALSE,5th-6th,IAM,IAM,Raze,Jett,,21,311,330,87,0.94,1.2,200,14.8,15.7,4.1
South Korea,South Korea,Korean,,,CabezA,Flex,FALSE,7th,SUPERFECT Esports,SPF,Omen,Killjoy,Raze,16,200,233,90,0.85,1.24,179,12.5,14.5,5.6
South Korea,South Korea,Korean,,,Cloudy,Support,FALSE,4th,SLT,SLT,Sova,Gekko,Viper,13,175,206,99,0.84,1.33,170,13.4,15.8,7.6
South Korea,South Korea,Korean,,,Cloy,Flex,FALSE,2nd,Nongshim RedForce,NS,Omen,Astra,Harbor,34,526,481,286,1.09,1.68,202,15.4,14.1,8.4
South Korea,South Korea,Korean,,,Dambi,Flex,FALSE,1st,Sin Prisa Gaming,SPG,Raze,Jett,Iso,27,489,421,137,1.16,1.48,252,18.1,15.5,5
South Korea,South Korea,Korean,,,Doenmo,Flex,FALSE,5th-6th,IAM,IAM,Viper,Raze,Gekko,21,295,320,122,0.92,1.3,200,14,15.2,5.8
South Korea,South Korea,Korean,,,Doyou,Smoker,FALSE,7th,SUPERFECT Esports,SPF,Viper,Yoru,Astra,13,182,187,74,0.97,1.36,201,14,14.3,5.6
South Korea,South Korea,Korean,,,Efina,Anchor,FALSE,5th-6th,IAM,IAM,Killjoy,Harbor,Cypher,21,296,316,97,0.93,1.24,191,14,15,4.6
South Korea,South Korea,Korean,,,Felix,Flex,FALSE,7th,SUPERFECT Esports,SPF,Skye,Fade,KAY/O,16,223,224,103,0.99,1.45,202,13.9,14,6.4
South Korea,South Korea,Korean,,,Francis,Support,TRUE,1st,Sin Prisa Gaming,SPG,Fade,Skye,Yoru,27,383,395,222,0.96,1.53,188,14.1,14.6,8.2
South Korea,South Korea,Korean,,,Freeing,Anchor,FALSE,3rd,Dplus,DK,Killjoy,Cypher,Viper,25,439,357,101,1.22,1.51,223,17.5,14.2,4
South Korea,South Korea,Korean,,,GodDead,Flex,FALSE,5th-6th,IAM,IAM,Skye,Fade,KAY/O,21,300,325,186,0.92,1.49,185,14.2,15.4,8.8
South Korea,South Korea,Korean,,,GodsB,Flex,FALSE,5th-6th,VEC,VEC,Breach,Killjoy,Raze,18,241,288,105,0.83,1.2,192,13.3,16,5.8
South Korea,South Korea,Korean,,,HANN,Flex,FALSE,5th-6th,VEC,VEC,Jett,Raze,Reyna,14,207,237,30,0.87,1,200,14.7,16.9,2.1
South Korea,South Korea,Korean,,,Hate,Support,FALSE,8th,FearX,FOX,Skye,Yoru,Sova,17,251,274,87,0.91,1.23,193,14.7,16.1,5.1
South Korea,South Korea,Korean,,,Hermes,Support,FALSE,3rd,Dplus,DK,KAY/O,Omen,Sova,25,344,373,303,0.92,1.73,184,13.7,14.9,12.1
South Korea,South Korea,Korean,,,Ivy,Support,FALSE,1st,Sin Prisa Gaming,SPG,Deadlock,Sova,Gekko,27,396,337,187,1.17,1.72,191,14.6,12.4,6.9
South Korea,South Korea,Korean,,,JaebiN,Flex,FALSE,4th,SLT,SLT,Raze,Jett,Neon,23,402,373,117,1.07,1.39,232,17.4,16.2,5
South Korea,South Korea,Korean,,,Jeong Hi,Smoker,FALSE,8th,FearX,FOX,Omen,Astra,Skye,17,223,266,144,0.83,1.37,183,13.1,15.6,8.4
South Korea,South Korea,Korean,,,Jerry,Smoker,FALSE,1st,Sin Prisa Gaming,SPG,Viper,,,1,11,25,6,0.44,0.68,108,11,25,6
South Korea,South Korea,Korean,,,Kally,Anchor,FALSE,7th,SUPERFECT Esports,SPF,Cypher,Killjoy,Astra,15,230,201,71,1.14,1.49,214,15.3,13.4,4.7
South Korea,South Korea,Korean,,,Ken,Smoker,FALSE,7th,SUPERFECT Esports,SPF,Raze,Brimstone,Viper,9,94,136,31,0.69,0.91,172,10.4,15.1,3.4
South Korea,South Korea,Korean,,,Manggong,Smoker,FALSE,5th-6th,VEC,VEC,Omen,Cypher,Viper,21,298,326,120,0.91,1.28,185,14.1,15.5,5.7
South Korea,South Korea,Korean,,,Moves,Flex,FALSE,4th,SLT,SLT,Fade,KAY/O,Breach,23,369,357,205,1.03,1.6,210,16,15.5,8.9
South Korea,South Korea,Korean,,,NakJi,Support,FALSE,8th,FearX,FOX,Gekko,Raze,KAY/O,17,222,279,123,0.79,1.23,180,13,16.4,7.2
South Korea,South Korea,Korean,,,Persia,Flex,FALSE,1st,Sin Prisa Gaming,SPG,Omen,Brimstone,Clove,26,426,315,268,1.35,2.2,222,16.3,12.1,10.3
South Korea,South Korea,Korean,,,Pkm,Entry,FALSE,2nd,Nongshim RedForce,NS,Raze,Yoru,Neon,34,560,529,160,1.05,1.36,221,16.4,15.5,4.7
South Korea,South Korea,Korean,,,RedLight,Anchor,FALSE,4th,SLT,SLT,Viper,Cypher,Killjoy,16,249,246,89,1.01,1.37,198,15.5,15.3,5.5
South Korea,South Korea,Korean,,,SID,Flex,FALSE,2nd,Nongshim RedForce,NS,Jett,Viper,Gekko,34,546,492,162,1.1,1.43,214,16,14.4,4.7
South Korea,South Korea,Korean,,,Sasuke,Flex,FALSE,7th,SUPERFECT Esports,SPF,Jett,Raze,Neon,11,168,173,39,0.97,1.19,208,15.2,15.7,3.5
South Korea,South Korea,Korean,,,Secret,Flex,FALSE,5th-6th,VEC,VEC,Skye,Breach,Gekko,21,291,312,161,0.93,1.44,189,13.8,14.8,7.6
South Korea,South Korea,Korean,,,SeliG,Entry,FALSE,3rd,Dplus,DK,Jett,Raze,Yoru,25,437,405,83,1.07,1.28,224,17.4,16.2,3.3
South Korea,South Korea,Korean,,,SungJin,Flex,FALSE,4th,SLT,SLT,Killjoy,Cypher,Sage,17,274,221,74,1.23,1.57,204,16.1,13,4.3
South Korea,South Korea,Korean,,,Vow,Support,FALSE,5th-6th,VEC,VEC,Viper,Sova,Gekko,7,81,121,43,0.66,1.02,166,11.5,17.2,6.1
South Korea,South Korea,Korean,,,Wavy,Support,FALSE,5th-6th,VEC,VEC,Skye,Fade,,3,23,51,22,0.45,0.88,125,7.6,17,7.3
South Korea,South Korea,Korean,,,Xross,Flex,FALSE,2nd,Nongshim RedForce,NS,Killjoy,Yoru,Astra,34,542,448,214,1.2,1.68,209,15.9,13.1,6.2
South Korea,South Korea,Korean,,,exy,Flex,FALSE,3rd,Dplus,DK,Omen,Viper,Brimstone,25,356,375,233,0.94,1.57,182,14.2,15,9.3
South Korea,South Korea,Korean,,,iNTRO,Flex,FALSE,3rd,Dplus,DK,Sova,Gekko,Skye,25,386,382,162,1.01,1.43,193,15.4,15.2,6.4
South Korea,South Korea,Korean,,,margaret,Anchor,FALSE,1st,Sin Prisa Gaming,SPG,Cypher,,,27,412,363,163,1.13,1.58,204,15.2,13.4,6
South Korea,South Korea,Korean,,,yoman,Flex,FALSE,2nd,Nongshim RedForce,NS,Fade,Sova,Skye,34,463,447,260,1.03,1.61,185,13.6,13.1,7.6
Thailand,Thailand,Thai,,,ALLR1GHTT,Smoker,FALSE,8th,XOXO-01,XOXO,Viper,KAY/O,Harbor,15,163,241,76,0.67,0.99,156,10.8,16,5
Thailand,Thailand,Thai,,,ALerT,Anchor,FALSE,3rd,XERXIA,XIA,Cypher,Killjoy,Viper,27,418,403,113,1.03,1.31,208,15.4,14.9,4.1
Thailand,Thailand,Thai,,,Acetics,Support,FALSE,4th,Sharper Esport,SPE,Fade,Skye,Sage,21,267,312,126,0.85,1.25,178,12.7,14.8,6
Thailand,Thailand,Thai,,,AloNeFillz,Support,FALSE,5th-6th,Team NKT,NKT,Gekko,Sova,Harbor,17,243,215,102,1.13,1.6,201,14.2,12.6,6
Thailand,Thailand,Thai,,,BnwGiggs,Flex,FALSE,3rd,XERXIA,XIA,Breach,KAY/O,Skye,27,327,439,263,0.74,1.34,168,12.1,16.2,9.7
Thailand,Thailand,Thai,,,CGRS,Support,FALSE,1st,Made in Thailand,MITH,Sova,Gekko,Cypher,24,343,307,149,1.11,1.6,192,14.2,12.7,6.2
Thailand,Thailand,Thai,,,ChAlalala,Anchor,FALSE,5th-6th,Santa Gang,SG,Killjoy,Cypher,Brimstone,17,224,249,73,0.89,1.19,173,13.1,14.6,4.2
Thailand,Thailand,Thai,,,D4rf,Smoker,FALSE,8th,XOXO-01,XOXO,Omen,Raze,Brimstone,15,207,256,86,0.8,1.14,206,13.8,17,5.7
Thailand,Thailand,Thai,,,EARTHYRABYRABO,Flex,FALSE,7th,Barn nong chok,BNC,Skye,Fade,Breach,15,162,223,126,0.72,1.29,157,10.8,14.8,8.4
Thailand,Thailand,Thai,,,Flukyy,Smoker,FALSE,7th,Barn nong chok,BNC,Omen,Jett,Brimstone,14,219,211,103,1.03,1.52,214,15.6,15,7.3
Thailand,Thailand,Thai,,,GarnetS,Flex,FALSE,5th-6th,Team NKT,NKT,Jett,Raze,Reyna,17,261,235,49,1.11,1.31,222,15.3,13.8,2.8
Thailand,Thailand,Thai,,,Itaoearth,Support,FALSE,8th,XOXO-01,XOXO,Cypher,Fade,Skye,15,174,221,77,0.78,1.13,162,11.6,14.7,5.1
Thailand,Thailand,Thai,,,JAIGRAYRAY,Flex,FALSE,5th-6th,Team NKT,NKT,Viper,Brimstone,Omen,17,241,237,106,1.01,1.46,201,14.1,13.9,6.2
Thailand,Thailand,Thai,,,JohnOlsen,Flex,FALSE,1st,FULL SENSE,FS,Jett,Raze,Neon,11,185,177,47,1.04,1.31,241,16.8,16,4.2
Thailand,Thailand,Thai,,,KRX,Flex,FALSE,4th,Sharper Esport,SPE,Neon,KAY/O,,3,58,55,25,1.05,1.5,235,19.3,18.3,8.3
Thailand,Thailand,Thai,,,Kadoom,Flex,FALSE,1st,Made in Thailand,MITH,Raze,Jett,Neon,24,379,370,93,1.02,1.27,222,15.7,15.4,3.8
Thailand,Thailand,Thai,,,Kntz,Flex,FALSE,1st,Made in Thailand,MITH,Omen,Astra,Brimstone,24,408,311,157,1.31,1.81,212,17,12.9,6.5
Thailand,Thailand,Thai,,,Kongared,Flex,FALSE,5th-6th,Santa Gang,SG,KAY/O,Skye,Fade,17,235,240,131,0.97,1.52,186,13.8,14.1,7.7
Thailand,Thailand,Thai,,,Laz,Anchor,FALSE,5th-6th,Team NKT,NKT,Cypher,Viper,Killjoy,17,232,219,86,1.05,1.45,187,13.6,12.8,5
Thailand,Thailand,Thai,,,Leviathan,Smoker,FALSE,1st,FULL SENSE,FS,Omen,Viper,,11,172,152,84,1.13,1.68,199,15.6,13.8,7.6
Thailand,Thailand,Thai,,,NIZ,Support,FALSE,5th-6th,Santa Gang,SG,Sova,Gekko,Viper,17,238,240,86,0.99,1.35,185,14,14.1,5
Thailand,Thailand,Thai,,,Niffy,Entry,FALSE,4th,Sharper Esport,SPE,Raze,Viper,Jett,23,403,343,100,1.17,1.46,245,17.5,14.9,4.3
Thailand,Thailand,Thai,,,PTC,Flex,FALSE,1st,FULL SENSE,FS,KAY/O,Breach,Fade,11,171,148,94,1.15,1.79,210,15.5,13.4,8.5
Thailand,Thailand,Thai,,,PinOcChiOs,Support,FALSE,4th,Sharper Esport,SPE,Breach,Gekko,Viper,24,322,363,167,0.88,1.34,184,13.4,15.1,6.9
Thailand,Thailand,Thai,,,Potter,Entry,FALSE,3rd,XERXIA,XIA,Raze,Jett,,27,501,449,95,1.11,1.32,247,18.5,16.6,3.5
Thailand,Thailand,Thai,,,Raigard,Smoker,FALSE,5th-6th,Santa Gang,SG,Omen,Viper,,17,242,259,113,0.93,1.37,198,14.2,15.2,6.6
Thailand,Thailand,Thai,,,Reality,Flex,FALSE,4th,Sharper Esport,SPE,Cypher,Gekko,Viper,23,306,339,107,0.9,1.21,187,13.3,14.7,4.6
Thailand,Thailand,Thai,,,Seph1roth,Anchor,FALSE,1st,Made in Thailand,MITH,Viper,Killjoy,Cypher,24,390,323,119,1.2,1.57,214,16.2,13.4,4.9
Thailand,Thailand,Thai,,,Siraphop,Flex,FALSE,3rd,XERXIA,XIA,Gekko,Sova,Fade,27,390,414,188,0.94,1.39,183,14.4,15.3,6.9
Thailand,Thailand,Thai,,,SoCoolSoDa,Support,FALSE,5th-6th,Team NKT,NKT,KAY/O,Omen,Sova,17,250,234,117,1.06,1.56,207,14.7,13.7,6.8
Thailand,Thailand,Thai,,,Umaruchans,Support,FALSE,8th,XOXO-01,XOXO,Gekko,Killjoy,Skye,15,223,226,60,0.98,1.25,208,14.8,15,4
Thailand,Thailand,Thai,,,b3ta,Flex,FALSE,3rd,XERXIA,XIA,Omen,Brimstone,Viper,27,353,441,240,0.8,1.34,178,13,16.3,8.8
Thailand,Thailand,Thai,,,canady,Flex,FALSE,7th,Barn nong chok,BNC,Raze,Iso,Jett,14,228,224,43,1.01,1.2,224,16.2,16,3
Thailand,Thailand,Thai,,,foxz,Flex,FALSE,1st,FULL SENSE,FS,Sova,Gekko,Breach,11,158,150,89,1.05,1.64,201,14.3,13.6,8
Thailand,Thailand,Thai,,,killua,Support,FALSE,1st,Made in Thailand,MITH,Killjoy,Skye,Breach,24,417,357,89,1.16,1.41,229,17.3,14.8,3.7
Thailand,Thailand,Thai,,,maddd,Flex,FALSE,8th,XOXO-01,XOXO,Raze,Killjoy,,10,142,162,40,0.87,1.12,215,14.2,16.2,4
Thailand,Thailand,Thai,,,pedio,Support,FALSE,7th,Barn nong chok,BNC,Viper,Gekko,Sova,14,152,225,88,0.67,1.06,158,10.8,16,6.2
Thailand,Thailand,Thai,,,sushiboys,Anchor,FALSE,1st,FULL SENSE,FS,Cypher,Killjoy,Brimstone,11,158,156,70,1.01,1.46,195,14.3,14.1,6.3
Thailand,Thailand,Thai,,,tbloy,Entry,FALSE,5th-6th,Santa Gang,SG,Raze,Jett,,17,266,281,71,0.94,1.19,224,15.6,16.5,4.1
Thailand,Thailand,Thai,,,xZe,Smoker,FALSE,4th,Sharper Esport,SPE,Omen,Brimstone,Yoru,23,294,352,159,0.83,1.28,174,12.7,15.3,6.9
Thailand,Thailand,Thai,,,xcool,Flex,FALSE,7th,Barn nong chok,BNC,Cypher,Killjoy,Deadlock,14,235,193,56,1.21,1.5,217,16.7,13.7,4
Vietnam,Vietnam,Vietnamese,,,Acerola,Smoker,FALSE,5th-6th,LAZY,LAZY,Viper,Omen,KAY/O,13,186,188,84,0.98,1.43,203,14.3,14.4,6.4
Vietnam,Vietnam,Vietnamese,,,Akashi,Flex,FALSE,5th-6th,LAZY,LAZY,Sova,Skye,Fade,13,129,194,82,0.66,1.08,148,9.9,14.9,6.3
Vietnam,Vietnam,Vietnamese,,,Albus,Anchor,FALSE,1st,Rapid Lofi,RLF,Cypher,Killjoy,KAY/O,14,184,213,77,0.86,1.22,183,13.1,15.2,5.5
Vietnam,Vietnam,Vietnamese,,,Aozy,Support,FALSE,3rd,Team Flash,FPT,Skye,,,1,13,10,12,1.3,2.5,162,13,10,12
Vietnam,Vietnam,Vietnamese,,,BMV,Anchor,FALSE,7th,Unicorn Cyber,UNC,Cypher,Killjoy,Breach,13,162,199,63,0.81,1.13,174,12.4,15.3,4.8
Vietnam,Vietnam,Vietnamese,,,BanhMj,Support,FALSE,1st,Rapid Lofi,RLF,Killjoy,Sova,Skye,11,138,143,43,0.96,1.26,177,12.5,13,3.9
Vietnam,Vietnam,Vietnamese,,,Crus,Flex,FALSE,2nd,Fancy United Esports,FCY,Omen,Cypher,,12,178,144,94,1.23,1.88,216,14.8,12,7.8
Vietnam,Vietnam,Vietnamese,,,D0rf,Support,FALSE,3rd,Team Flash,FPT,Breach,Sova,Killjoy,14,205,160,72,1.28,1.73,204,14.6,11.4,5.1
Vietnam,Vietnam,Vietnamese,,,DaFt,Entry,FALSE,1st,Rapid Lofi,RLF,Jett,Raze,Gekko,20,330,296,109,1.11,1.48,233,16.5,14.8,5.4
Vietnam,Vietnam,Vietnamese,,,DucT,Flex,FALSE,5th-6th,LAZY,LAZY,Omen,Breach,Killjoy,13,161,191,91,0.84,1.31,175,12.3,14.6,7
Vietnam,Vietnam,Vietnamese,,,Gin,Entry,FALSE,2nd,Fancy United Esports,FCY,Clove,Jett,Raze,12,193,173,29,1.11,1.28,232,16,14.4,2.4
Vietnam,Vietnam,Vietnamese,,,Hyuse,Flex,FALSE,4th,CyberKing Esports,CKE,Jett,Sova,Clove,15,234,228,56,1.02,1.27,233,15.6,15.2,3.7
Vietnam,Vietnam,Vietnamese,,,Hyzee,Anchor,FALSE,5th-6th,Team Big BAAM,BAAM,Cypher,Killjoy,Breach,17,268,261,106,1.02,1.43,207,15.7,15.3,6.2
Vietnam,Vietnam,Vietnamese,,,KillerS,Entry,FALSE,3rd,Team Flash,FPT,Raze,Skye,Neon,15,235,194,100,1.21,1.72,229,15.6,12.9,6.6
Vietnam,Vietnam,Vietnamese,,,Louboutin,Flex,FALSE,5th-6th,Team Big BAAM,BAAM,Killjoy,Omen,Sova,13,237,202,60,1.17,1.47,219,18.2,15.5,4.6
Vietnam,Vietnam,Vietnamese,,,Moef,Flex,FALSE,5th-6th,LAZY,LAZY,Jett,Raze,Reyna,13,209,201,32,1.03,1.19,235,16,15.4,2.4
Vietnam,Vietnam,Vietnamese,,,NamGoku,Flex,FALSE,4th,CyberKing Esports,CKE,Sova,Raze,Omen,15,163,234,56,0.69,0.93,161,10.8,15.6,3.7
Vietnam,Vietnam,Vietnamese,,,Nh0zKon,Support,FALSE,7th,Unicorn Cyber,UNC,Sova,Gekko,Viper,13,161,212,72,0.75,1.09,175,12.3,16.3,5.5
Vietnam,Vietnam,Vietnamese,,,Nhatthong2k,Flex,FALSE,5th-6th,Team Big BAAM,BAAM,Jett,Raze,Iso,17,298,287,63,1.03,1.25,234,17.5,16.8,3.7
Vietnam,Vietnam,Vietnamese,,,P1na,Smoker,FALSE,5th-6th,Team Big BAAM,BAAM,Viper,Omen,,17,260,257,135,1.01,1.53,202,15.2,15.1,7.9
Vietnam,Vietnam,Vietnamese,,,Palette,Smoker,FALSE,8th,Crocodile Tear,TEAR,Omen,Viper,Killjoy,9,112,124,70,0.9,1.46,182,12.4,13.7,7.7
Vietnam,Vietnam,Vietnamese,,,Pr0digy,Flex,FALSE,1st,Rapid Lofi,RLF,Brimstone,Sage,Iso,15,228,233,90,0.97,1.36,210,15.2,15.5,6
Vietnam,Vietnam,Vietnamese,,,Shaun,Flex,FALSE,4th,CyberKing Esports,CKE,Killjoy,Cypher,Sage,15,182,200,41,0.91,1.11,171,12.1,13.3,2.7
Vietnam,Vietnam,Vietnamese,,,SomeThai,Flex,FALSE,5th-6th,Team Big BAAM,BAAM,Sova,Skye,Fade,11,180,192,71,0.93,1.3,210,16.3,17.4,6.4
Vietnam,Vietnam,Vietnamese,,,Suka,Flex,FALSE,1st,Rapid Lofi,RLF,Sova,KAY/O,Breach,20,327,297,160,1.1,1.63,218,16.3,14.8,8
Vietnam,Vietnam,Vietnamese,,,Takoyaki,Flex,FALSE,8th,Crocodile Tear,TEAR,Breach,Viper,,2,21,21,6,1,1.28,168,10.5,10.5,3
Vietnam,Vietnam,Vietnamese,,,Ting2k5,Flex,FALSE,3rd,Team Flash,FPT,Jett,Cypher,Gekko,15,237,173,51,1.36,1.66,214,15.8,11.5,3.4
Vietnam,Vietnam,Vietnamese,,,Tripciew,Smoker,FALSE,1st,Rapid Lofi,RLF,Viper,Omen,Cypher,20,272,280,127,0.97,1.42,192,13.6,14,6.3
Vietnam,Vietnam,Vietnamese,,,Tyson1,Anchor,FALSE,7th,Unicorn Cyber,UNC,Cypher,Killjoy,Skye,13,165,202,70,0.81,1.16,167,12.6,15.5,5.3
Vietnam,Vietnam,Vietnamese,,,Viness,Flex,FALSE,3rd,Team Flash,FPT,Omen,Viper,Brimstone,15,195,192,124,1.01,1.66,198,13,12.8,8.2
Vietnam,Vietnam,Vietnamese,,,Vizz,Flex,FALSE,5th-6th,Team Big BAAM,BAAM,KAY/O,Breach,Skye,10,82,145,100,0.56,1.25,124,8.2,14.5,10
Vietnam,Vietnam,Vietnamese,,,YESicaN,Support,TRUE,2nd,Fancy United Esports,FCY,KAY/O,,,12,190,140,113,1.35,2.16,240,15.8,11.6,9.4
Vietnam,Vietnam,Vietnamese,,,alyaL,Flex,FALSE,3rd,Team Flash,FPT,Viper,Killjoy,Fade,15,260,189,81,1.37,1.8,250,17.3,12.6,5.4
Vietnam,Vietnam,Vietnamese,,,bbc,Flex,FALSE,8th,Crocodile Tear,TEAR,KAY/O,Killjoy,Jett,11,137,166,58,0.82,1.17,180,12.4,15,5.2
Vietnam,Vietnam,Vietnamese,,,bioforst,Anchor,FALSE,8th,Crocodile Tear,TEAR,Killjoy,Astra,Cypher,11,144,156,41,0.92,1.18,195,13,14.1,3.7
Vietnam,Vietnam,Vietnamese,,,bobae,Flex,FALSE,8th,Crocodile Tear,TEAR,Sova,Gekko,Fade,11,175,150,53,1.16,1.52,232,15.9,13.6,4.8
Vietnam,Vietnam,Vietnamese,,,dafam1,Flex,FALSE,7th,Unicorn Cyber,UNC,Omen,Clove,Viper,13,195,221,91,0.88,1.29,200,15,17,7
Vietnam,Vietnam,Vietnamese,,,f1cio,Flex,FALSE,2nd,Fancy United Esports,FCY,Gekko,Deadlock,Viper,12,185,155,74,1.19,1.67,226,15.4,12.9,6.1
Vietnam,Vietnam,Vietnamese,,,fuzzie,Flex,FALSE,4th,CyberKing Esports,CKE,Gekko,Breach,KAY/O,15,162,215,102,0.75,1.22,168,10.8,14.3,6.8
Vietnam,Vietnam,Vietnamese,,,hansia,Flex,FALSE,8th,Crocodile Tear,TEAR,Jett,Raze,Neon,11,184,160,42,1.14,1.41,247,16.7,14.5,3.8
Vietnam,Vietnam,Vietnamese,,,lilhieu,Flex,FALSE,7th,Unicorn Cyber,UNC,Raze,Jett,Iso,13,225,211,64,1.06,1.36,240,17.3,16.2,4.9
Vietnam,Vietnam,Vietnamese,,,nTK,Anchor,FALSE,5th-6th,LAZY,LAZY,Cypher,Killjoy,KAY/O,13,161,198,65,0.81,1.14,188,12.3,15.2,5
Vietnam,Vietnam,Vietnamese,,,rageee,Smoker,FALSE,4th,CyberKing Esports,CKE,Viper,Omen,Fade,15,204,214,86,0.95,1.35,201,13.6,14.2,5.7
Vietnam,Vietnam,Vietnamese,,,twilight,Anchor,FALSE,2nd,Fancy United Esports,FCY,Cypher,Viper,Killjoy,12,177,138,53,1.28,1.66,208,14.7,11.5,4.4
